timestamp,X01,X02,X03,X04,X05,X06,X07,X08,X09,X10,X11,X12
2026-02-01 00:00:00+00:00,1,70.4329529,52.88451,16.9957256,47.0125198,4.02246857,4.6605196,3.80386877,0.87535423,5.80333948,19.1555576,192.043427
2026-02-01 00:00:01+00:00,1,70.442482,52.8740196,16.9445095,47.0826187,3.97865272,4.64068031,3.8063736,0.908358574,5.78997755,18.9584694,192.914215
2026-02-01 00:00:02+00:00,1,70.4632339,52.8665962,16.9963245,47.0153847,4.00994539,4.68242311,3.86005807,0.892383575,5.81292915,19.0687332,194.541626
2026-02-01 00:00:03+00:00,1,70.4878693,52.8614082,17.0333443,46.9871483,4.03074598,4.6610117,3.83461618,0.919792295,5.82448864,19.0917225,194.190979
2026-02-01 00:00:04+00:00,1,70.5078506,52.8501663,17.0181427,47.0077133,4.04522228,4.65487576,3.87467074,0.879952788,5.79252005,19.1156025,190.508713
2026-02-01 00:00:05+00:00,1,70.5323029,52.8452301,16.9699326,46.9232903,4.04431915,4.66291189,3.8541193,0.883120656,5.79229832,19.0976334,192.830887
2026-02-01 00:00:06+00:00,1,70.55896,52.8533287,16.9850445,46.9724159,4.031353,4.69000292,3.86079383,0.853793919,5.83728743,19.1389637,194.347946
2026-02-01 00:00:07+00:00,1,70.5824203,52.8790054,16.9801865,46.9375191,4.06011343,4.69964981,3.86806917,0.859835923,5.83594608,19.0412502,193.138214
2026-02-01 00:00:08+00:00,1,70.6040115,52.9139442,17.0102119,46.9904861,4.05640602,4.67947054,3.8793962,0.878466308,5.79725313,18.981472,193.279968
2026-02-01 00:00:09+00:00,1,70.6243668,52.9520569,16.9937706,46.9372864,4.05637884,4.70139885,3.91501045,0.872983277,5.88248062,19.0085278,191.98436
2026-02-01 00:00:10+00:00,1,70.6535873,52.9942856,17.0487576,47.0278625,4.04923201,4.70807648,3.91396284,0.897790909,5.8434267,19.0696812,190.706604
2026-02-01 00:00:11+00:00,1,70.6806183,53.0353432,17.0783424,46.9054413,4.0585556,4.70416784,3.89158487,0.864767313,5.8769846,18.9894638,190.754547
2026-02-01 00:00:12+00:00,1,70.7159576,53.0605965,16.9122868,47.0180588,4.07531214,4.69125271,3.89655852,0.877333999,5.83028078,18.6797581,191.982254
2026-02-01 00:00:13+00:00,1,70.7545624,53.0912018,16.9415359,47.008255,4.07391834,4.6826787,3.87430692,0.879805446,5.85173607,18.8087826,194.142883
2026-02-01 00:00:14+00:00,1,70.7973785,53.1233101,17.021944,47.083889,4.07540131,4.65743351,3.87936091,0.852600396,5.89302349,18.9155731,192.757019
2026-02-01 00:00:15+00:00,1,70.8300552,53.1423531,17.0042496,47.0428047,4.07651472,4.7067976,3.92710447,0.897065997,5.88242483,18.938652,193.210541
2026-02-01 00:00:16+00:00,1,70.8578186,53.1643448,16.9606304,46.9633293,4.10402584,4.72164345,3.94774294,0.855774105,5.84806299,19.0895329,189.784653
2026-02-01 00:00:17+00:00,1,70.8821182,53.1764183,16.9335499,46.9701424,4.08318567,4.68869257,3.89322639,0.884652793,5.85995817,19.0848923,191.128647
2026-02-01 00:00:18+00:00,1,70.904808,53.2055321,17.0025139,47.0528564,4.05055237,4.72839451,3.88432503,0.884682417,5.83705664,19.0639553,192.564331
2026-02-01 00:00:19+00:00,1,70.9306412,53.2179718,17.0119839,47.0134964,4.07395267,4.78604364,3.95027852,0.8804425,5.89101982,18.9860764,191.518204
2026-02-01 00:00:20+00:00,1,70.9601288,53.2283096,16.9765091,46.9629135,4.08048916,4.76757383,3.95437813,0.893856764,5.89664936,19.2676544,191.710068
2026-02-01 00:00:21+00:00,1,70.9852066,53.2304649,16.9748154,46.9268761,4.12464523,4.75681973,3.96140432,0.886753976,5.83521748,19.1637268,192.068497
2026-02-01 00:00:22+00:00,1,71.0142136,53.2304916,16.9302158,47.0484543,4.09818029,4.75243855,3.94360662,0.880839944,5.87376547,19.1620636,191.133118
2026-02-01 00:00:23+00:00,1,71.0415115,53.2321892,16.923893,46.9997406,4.08107853,4.71127796,3.90766072,0.887546599,5.92481279,19.2155018,192.231018
2026-02-01 00:00:24+00:00,1,71.0758972,53.2376137,17.004406,46.9563789,4.06804895,4.73252439,3.88598108,0.896803975,5.89341402,19.2415352,189.944611
2026-02-01 00:00:25+00:00,1,71.1072769,53.2488518,16.9979095,47.0489578,4.12187195,4.69367313,3.84865308,0.877116799,5.84930897,19.2788906,188.333099
2026-02-01 00:00:26+00:00,1,71.1415863,53.2589378,16.9823513,47.0139847,4.09497595,4.72648954,3.89175487,0.886887729,5.91109705,19.291851,191.343964
2026-02-01 00:00:27+00:00,1,71.1682053,53.2625313,16.9328098,47.075592,4.10362005,4.73338127,3.88350415,0.901376069,5.97882175,19.4200611,189.234344
2026-02-01 00:00:28+00:00,1,71.2054367,53.2584152,17.0265274,47.0017204,4.05131626,4.74548006,3.86486721,0.88845253,5.88169432,19.171011,192.205795
2026-02-01 00:00:29+00:00,1,71.233551,53.2471962,16.9028645,46.9786835,4.07184792,4.77449465,3.90762424,0.877738237,5.88932991,19.2783203,193.052612
2026-02-01 00:00:30+00:00,1,71.251976,53.2472076,16.9783478,46.9989395,4.10804081,4.73345423,3.94112444,0.890299737,5.85777521,19.3216305,193.143295
2026-02-01 00:00:31+00:00,1,71.2690811,53.24757,16.9454956,47.0401039,4.07390499,4.72637272,3.92278457,0.883124769,5.90995598,19.0941372,192.372696
2026-02-01 00:00:32+00:00,1,71.2884521,53.2451782,16.9742794,47.0032005,4.07196999,4.70589256,3.84981132,0.889342844,5.83707285,19.3121662,191.962418
2026-02-01 00:00:33+00:00,1,71.2983704,53.2418022,16.9566994,47.0182419,4.06696701,4.74368525,3.85798454,0.889057815,5.89597559,19.1383362,191.852921
2026-02-01 00:00:34+00:00,1,71.3097458,53.2506218,16.9917984,47.0156517,4.08123779,4.6935792,3.86585402,0.888795316,5.86315346,19.1153374,191.037598
2026-02-01 00:00:35+00:00,1,71.3246841,53.245697,16.991518,46.9700966,4.02273083,4.73476505,3.8561902,0.865263522,5.85707951,19.3070259,193.268173
2026-02-01 00:00:36+00:00,1,71.3394165,53.2523994,16.9707184,46.9984436,4.06463909,4.73734236,3.85460687,0.895359039,5.84765768,19.1872845,191.400696
2026-02-01 00:00:37+00:00,1,71.3505783,53.2573128,16.9808483,46.981472,4.01891565,4.71611977,3.78841305,0.892356753,5.8463726,19.088747,191.426529
2026-02-01 00:00:38+00:00,1,71.3559494,53.2562141,17.0198822,47.0497551,4.0597167,4.75260401,3.84138298,0.895148039,5.8878417,19.5406475,191.4664
2026-02-01 00:00:39+00:00,1,71.3560486,53.2583961,17.060379,47.0424156,4.07315969,4.74681664,3.8932569,0.908751965,5.86646175,19.5327015,190.343353
2026-02-01 00:00:40+00:00,1,71.3569717,53.262085,17.0335598,46.9773293,4.0583868,4.78089046,3.87867355,0.897827566,5.90995455,19.3983536,190.07869
2026-02-01 00:00:41+00:00,1,71.3525085,53.2632828,17.0908184,47.0683975,4.09762859,4.77371168,3.87213802,0.895186961,5.87855482,19.5505829,196.480988
2026-02-01 00:00:42+00:00,1,71.3512192,53.2563438,17.0019569,46.9135323,4.08435154,4.75647497,3.85720968,0.882431746,5.85211754,19.540247,191.384583
2026-02-01 00:00:43+00:00,1,71.3424911,53.2525711,16.9576206,47.0497131,4.10161781,4.73605967,3.79252863,0.89401561,5.79639387,19.3752556,191.152328
2026-02-01 00:00:44+00:00,1,71.3295288,53.2471733,16.9509983,46.9964333,4.07525349,4.776299,3.82016063,0.886180043,5.87628603,19.593174,191.815033
2026-02-01 00:00:45+00:00,1,71.3108749,53.2335663,16.9646969,46.9525719,4.05369234,4.74307966,3.81882477,0.870166779,5.85254478,19.3752613,189.362076
2026-02-01 00:00:46+00:00,1,71.2959213,53.2255859,17.0084972,46.8952255,4.06321239,4.68790865,3.80892444,0.881244004,5.86991119,19.3349323,192.365326
2026-02-01 00:00:47+00:00,1,71.2839737,53.2098083,16.9955235,46.9486313,4.03409624,4.72217321,3.82866716,0.905142784,5.89943075,19.4190083,191.788803
2026-02-01 00:00:48+00:00,1,71.2692413,53.1929436,17.0471687,47.0303802,4.02972507,4.70617199,3.82526445,0.878749728,5.92078257,19.2244244,193.79007
2026-02-01 00:00:49+00:00,1,71.2535324,53.1574135,17.0730457,47.0162086,4.03499079,4.73865557,3.85308504,0.882534027,5.86760664,19.1319427,191.369751
2026-02-01 00:00:50+00:00,1,71.2298737,53.1217728,17.0619144,46.9516678,4.01877403,4.68734598,3.76402903,0.877737224,5.89157581,19.0554581,191.447464
2026-02-01 00:00:51+00:00,1,71.1945724,53.0874367,16.9989719,47.017849,4.02588034,4.72337627,3.76743054,0.872745812,5.82712317,19.078352,189.866074
2026-02-01 00:00:52+00:00,1,71.1576538,53.0583954,17.0334377,47.0197792,4.02664948,4.7276783,3.74641085,0.854702473,5.86839771,19.0261688,189.421448
2026-02-01 00:00:53+00:00,1,71.1162567,53.0164642,17.0538635,46.9636345,4.05771637,4.67681694,3.78960299,0.860687494,5.92429733,18.9060383,190.930405
2026-02-01 00:00:54+00:00,1,71.0821686,52.9833641,17.0659885,46.9949875,4.04145336,4.72569609,3.81281137,0.845014334,5.88948345,18.9257507,190.078995
2026-02-01 00:00:55+00:00,1,71.0490875,52.9512062,17.0562134,46.9902573,4.0369339,4.69066143,3.77527142,0.838584423,5.88706779,18.9376411,191.252884
2026-02-01 00:00:56+00:00,1,71.0151443,52.9083519,17.0109901,46.948555,4.07359838,4.7579174,3.8286097,0.883627415,5.92192984,19.2727127,190.702393
2026-02-01 00:00:57+00:00,1,70.9905472,52.8789558,16.9924393,46.9788933,4.06202745,4.75224209,3.86434698,0.877958179,5.89166498,19.1651535,189.821106
2026-02-01 00:00:58+00:00,1,70.9667511,52.8441429,16.9880428,46.9467392,4.07566404,4.75241613,3.87019873,0.900102615,5.94638348,19.226696,190.266006
2026-02-01 00:00:59+00:00,1,70.9511795,52.7987289,17.0233002,47.0090179,4.08154154,4.78165531,3.84360409,0.883900702,5.95567989,19.3599339,192.066681
2026-02-01 00:01:00+00:00,1,70.9317398,52.7504463,17.0188141,47.0012093,4.07617712,4.7597394,3.84753036,0.873702824,5.95166683,19.1090813,191.526413
2026-02-01 00:01:01+00:00,1,70.9214325,52.7011337,17.054491,46.9617577,4.01658201,4.73351669,3.8377707,0.884992778,5.90384293,19.1775913,192.935501
2026-02-01 00:01:02+00:00,1,70.9112091,52.6347427,16.9969864,46.9415627,4.00653124,4.7041316,3.8183701,0.886819005,5.84634399,19.1497993,191.760147
2026-02-01 00:01:03+00:00,1,70.8982925,52.5582314,16.9330177,46.9182968,3.98028779,4.6971879,3.78205085,0.88877207,5.8482151,18.9176903,190.702713
2026-02-01 00:01:04+00:00,1,70.8908691,52.4880219,17.0538406,46.9262848,3.96309638,4.67362404,3.7595849,0.858684063,5.83481264,18.9371281,190.631454
2026-02-01 00:01:05+00:00,1,70.8861084,52.4245148,17.0681152,46.949379,4.00671244,4.66405296,3.74247313,0.875448108,5.87485456,18.9940376,189.453537
2026-02-01 00:01:06+00:00,1,70.8786774,52.3746529,17.0219193,47.0049934,3.98202038,4.65367031,3.78069687,0.867131591,5.84311152,19.0477924,190.354782
2026-02-01 00:01:07+00:00,1,70.8598862,52.3229713,17.0538025,46.9783325,3.97802663,4.65449333,3.79849911,0.897089779,5.82178259,19.0441246,189.671585
2026-02-01 00:01:08+00:00,1,70.832962,52.2614899,17.0964775,46.9583092,3.9757688,4.64467192,3.78927827,0.861229718,5.86834669,19.021059,189.613678
2026-02-01 00:01:09+00:00,1,70.812294,52.2148056,17.0379925,47.0014267,3.9835124,4.62540674,3.76920605,0.883596182,5.90862799,19.0951233,189.641357
2026-02-01 00:01:10+00:00,1,70.7937012,52.1812897,17.0207596,46.9655418,3.97452807,4.62738323,3.77831364,0.870354176,5.88511515,18.6982937,189.963745
2026-02-01 00:01:11+00:00,1,70.7776642,52.1535721,17.1028461,46.96101,4.00508976,4.64884567,3.73459244,0.871511459,5.90539455,18.837265,192.83992
2026-02-01 00:01:12+00:00,1,70.7673492,52.143322,17.0418491,46.9994316,3.97082782,4.60699749,3.73261118,0.867513955,5.90096569,18.9183197,189.786591
2026-02-01 00:01:13+00:00,1,70.7560959,52.117939,16.9536648,46.9819374,4.03055954,4.59398937,3.74111295,0.872180462,5.90891981,19.0413113,190.628845
2026-02-01 00:01:14+00:00,1,70.7450104,52.0924759,17.0819569,46.9505196,4.03710747,4.62176085,3.78988671,0.874182701,5.9151082,19.024435,193.632263
2026-02-01 00:01:15+00:00,1,70.7334137,52.0666122,17.015028,46.9268646,3.98966479,4.59863806,3.76148081,0.882713318,5.89629221,18.9496651,191.582626
2026-02-01 00:01:16+00:00,1,70.7236099,52.0371246,16.9971962,46.9965706,4.03482246,4.65916491,3.83226132,0.844706237,5.89583635,18.9361191,193.719193
2026-02-01 00:01:17+00:00,1,70.708786,52.0037117,17.0083427,46.953434,4.01449966,4.61639166,3.79824209,0.88585037,5.91625404,18.7730885,194.685944
2026-02-01 00:01:18+00:00,1,70.7065964,51.9708786,16.9893284,46.9535675,4.0054636,4.64506769,3.80922294,0.878767669,5.85953712,18.9089108,193.530716
2026-02-01 00:01:19+00:00,1,70.7082901,51.9420052,17.0514297,47.0080986,4.02955914,4.63974762,3.79188228,0.881279886,5.91731119,18.7826633,193.35907
2026-02-01 00:01:20+00:00,1,70.7003632,51.9096947,16.9495602,46.9035454,4.02324438,4.60314178,3.7976017,0.895727515,5.84514713,18.9356003,193.438721
2026-02-01 00:01:21+00:00,1,70.6904984,51.8790588,17.0065517,46.9802208,3.96178007,4.55017662,3.72265506,0.875314236,5.89973259,18.6911392,193.217178
2026-02-01 00:01:22+00:00,1,70.6703949,51.850914,16.9863815,46.9903755,3.96564221,4.55720997,3.73390651,0.897581816,5.90805435,18.8088264,191.546005
2026-02-01 00:01:23+00:00,1,70.6513977,51.8204956,16.9993782,46.9019432,3.97082543,4.58637333,3.71828294,0.867345572,5.86084127,18.7479591,192.058853
2026-02-01 00:01:24+00:00,1,70.6356964,51.7911148,16.9980431,47.0701485,3.99333453,4.55248451,3.72794938,0.897351742,5.83302212,18.6938229,191.742371
2026-02-01 00:01:25+00:00,1,70.6189651,51.7470169,17.0513649,46.9398575,4.00634241,4.59869909,3.79599881,0.881989598,5.85679483,18.744524,189.776245
2026-02-01 00:01:26+00:00,1,70.600769,51.7141762,17.1316547,46.9668694,3.99843884,4.58487034,3.80466652,0.862456083,5.84458685,18.6528931,190.957535
2026-02-01 00:01:27+00:00,1,70.5905838,51.6927223,17.0011559,46.9904747,4.03705597,4.59665728,3.75620008,0.864162862,5.81098557,18.6947117,190.773972
2026-02-01 00:01:28+00:00,1,70.5809479,51.6642761,16.9891319,47.0043373,3.99479675,4.59819841,3.79497743,0.844105482,5.83912468,18.5362568,191.394226
2026-02-01 00:01:29+00:00,1,70.5720978,51.6423759,17.0474968,46.9727821,3.97260022,4.62229967,3.79134035,0.859186172,5.78784561,18.5225792,193.441788
2026-02-01 00:01:30+00:00,1,70.5599442,51.628624,17.0547791,46.9338074,4.00673294,4.60516214,3.82666564,0.842155576,5.77718353,18.3226566,193.661194
2026-02-01 00:01:31+00:00,1,70.5498962,51.6163635,17.0763435,47.0379944,3.99652815,4.60952711,3.81264281,0.815039754,5.80915594,18.3261223,195.266724
2026-02-01 00:01:32+00:00,1,70.54216,51.6069717,17.0815449,46.947525,4.02532816,4.59781599,3.8348062,0.828855634,5.77975702,18.4221611,193.234055
2026-02-01 00:01:33+00:00,1,70.529335,51.5828819,17.0715256,46.9800148,4.06873751,4.64820528,3.81193137,0.835709751,5.84864521,18.3739758,193.819168
2026-02-01 00:01:34+00:00,1,70.5178528,51.5531464,16.9897079,46.9679451,4.03122807,4.65735388,3.89105988,0.828721762,5.83392286,18.7036896,192.355118
2026-02-01 00:01:35+00:00,1,70.5051041,51.5141029,17.0385208,47.0163002,4.00949574,4.62900019,3.8298831,0.860740244,5.8203063,18.4995174,191.15094
2026-02-01 00:01:36+00:00,1,70.4915695,51.4786034,17.0363522,46.9666481,4.04508209,4.6360836,3.85561419,0.846975148,5.81690359,18.4948158,193.209885
2026-02-01 00:01:37+00:00,1,70.4768448,51.446785,17.0767002,47.0060349,4.02458048,4.67111588,3.87636137,0.860437274,5.87425089,18.5731297,190.397156
2026-02-01 00:01:38+00:00,1,70.461998,51.412838,17.0649147,46.8990402,4.02197313,4.64762974,3.86306167,0.836166978,5.86931133,18.600359,195.934692
2026-02-01 00:01:39+00:00,1,70.453064,51.3770065,17.0540409,46.9956551,4.02973986,4.66291094,3.86941886,0.862658381,5.93553162,18.5684605,193.696198
2026-02-01 00:01:40+00:00,1,70.451088,51.3423615,17.0878906,46.9298897,4.032547,4.68412495,3.83348656,0.864917099,5.92463875,18.9212875,193.756454
2026-02-01 00:01:41+00:00,1,70.4454498,51.3035774,17.1132793,46.9679565,4.01927996,4.65469551,3.83890605,0.840839922,5.8625536,18.7747078,194.223465
2026-02-01 00:01:42+00:00,1,70.4453812,51.2755737,16.9935799,46.9544334,4.01364374,4.69563103,3.8445394,0.878306925,5.91938829,18.7420177,193.92952
2026-02-01 00:01:43+00:00,1,70.4479675,51.2561302,17.0931816,46.9955597,4.0353303,4.68660212,3.84118462,0.87491107,5.90642595,18.6156311,194.456131
2026-02-01 00:01:44+00:00,1,70.4569778,51.2442665,16.9358921,46.9760551,4.00597095,4.70729971,3.86025214,0.867513478,5.89187622,18.6172695,193.990692
2026-02-01 00:01:45+00:00,1,70.4601593,51.2427788,16.9752541,47.0299911,4.02831125,4.69331026,3.80929065,0.873904765,5.88947392,18.7295437,192.994125
2026-02-01 00:01:46+00:00,1,70.4713974,51.2457314,17.0306835,46.9858627,4.05203676,4.70796585,3.85359406,0.88484925,5.91332054,18.6489315,194.964096
2026-02-01 00:01:47+00:00,1,70.4809875,51.244751,17.0166798,46.9929276,4.03999901,4.67635536,3.81358314,0.864126265,5.90121365,18.7583656,195.494537
2026-02-01 00:01:48+00:00,1,70.4987259,51.2313004,17.0495586,46.9768944,3.96567607,4.61601067,3.7901547,0.878075242,5.87466955,18.5203133,194.493225
2026-02-01 00:01:49+00:00,1,70.5220032,51.2215118,17.0208645,46.9821434,3.97181463,4.6024313,3.79583955,0.886642277,5.827806,18.4851685,194.106125
2026-02-01 00:01:50+00:00,1,70.5345612,51.2213783,17.1261158,46.9308777,3.98646879,4.64268732,3.75601602,0.896257162,5.85203791,18.5495625,195.002609
2026-02-01 00:01:51+00:00,1,70.5369644,51.2196808,17.0009232,47.0212517,3.96869326,4.64902782,3.71907926,0.870684385,5.91299534,18.5381126,192.350739
2026-02-01 00:01:52+00:00,1,70.5446625,51.2096443,16.9775944,46.9263,3.98975492,4.65703821,3.77222872,0.873422265,5.90831757,18.6030102,193.428574
2026-02-01 00:01:53+00:00,1,70.5602112,51.2109871,17.0569839,47.0561028,3.97911358,4.63173819,3.74429131,0.889159262,5.86254644,18.5375385,196.198227
2026-02-01 00:01:54+00:00,1,70.5652161,51.2108269,17.035696,47.006443,3.96566653,4.64264917,3.77396226,0.865603745,5.89890528,18.4808903,193.684799
2026-02-01 00:01:55+00:00,1,70.5639801,51.2082062,16.9807873,47.0000839,3.97850895,4.63024569,3.73027825,0.875793576,5.89639044,18.6221066,191.934769
2026-02-01 00:01:56+00:00,1,70.5679703,51.2125854,17.0304451,46.9708252,3.9753263,4.69108295,3.75153828,0.900791168,5.96806335,18.7797947,193.156418
2026-02-01 00:01:57+00:00,1,70.5726471,51.2242088,17.0025482,46.9081459,4.00055981,4.67330647,3.77302837,0.894255877,5.91168404,18.946682,193.005478
2026-02-01 00:01:58+00:00,1,70.5737915,51.2265205,17.0223446,47.0179596,3.92489004,4.59458017,3.75311399,0.876331985,5.9435277,18.7594738,192.723297
2026-02-01 00:01:59+00:00,1,70.5741348,51.227932,17.022047,46.9425812,3.95484686,4.61413479,3.73646522,0.891163409,5.92111301,18.7605934,193.566635
2026-02-01 00:02:00+00:00,1,70.5756531,51.22192,16.9609127,46.9705467,3.9979105,4.60523224,3.77535367,0.868430912,5.91910124,18.6449966,192.328186
2026-02-01 00:02:01+00:00,1,70.5758057,51.2249527,17.0827446,47.0125999,4.03172255,4.66716528,3.76891017,0.88858974,5.8796196,18.840044,191.510727
2026-02-01 00:02:02+00:00,1,70.584465,51.2325783,16.9780293,47.0416031,3.97383189,4.69904613,3.8175509,0.86617893,5.93394661,18.7156754,192.693741
2026-02-01 00:02:03+00:00,1,70.5936813,51.2305679,16.9912777,46.9945717,3.99646854,4.66540575,3.85066438,0.847761214,5.92143011,18.7870464,191.439011
2026-02-01 00:02:04+00:00,1,70.5974884,51.2283592,16.9768333,46.9856567,4.01188469,4.66129494,3.84161067,0.872197151,5.9330039,18.5864944,192.947296
2026-02-01 00:02:05+00:00,1,70.600029,51.2142906,17.0319576,46.9729118,4.02163839,4.69844627,3.85078478,0.852137685,5.9891777,18.5860634,193.278397
2026-02-01 00:02:06+00:00,1,70.602623,51.2089844,16.9210091,47.0430794,4.03071404,4.67101908,3.8165493,0.856083035,5.92921305,18.737608,192.847992
2026-02-01 00:02:07+00:00,1,70.6064682,51.2052841,16.8556862,46.9751167,3.98459864,4.65403652,3.82938576,0.852902889,5.95850086,18.6157112,193.948639
2026-02-01 00:02:08+00:00,1,70.6161041,51.1836586,16.9236431,46.9833488,4.00252771,4.58958673,3.77675581,0.841352284,5.95966434,18.4632969,192.463333
2026-02-01 00:02:09+00:00,1,70.6269302,51.1568604,16.949707,46.9625969,3.99955344,4.66564703,3.81068039,0.863291204,5.90791845,18.4825134,193.103622
2026-02-01 00:02:10+00:00,1,70.6344757,51.1154594,16.9797459,47.0333557,4.01044512,4.62016916,3.79569435,0.879479408,5.91118717,18.7705936,192.526108
2026-02-01 00:02:11+00:00,1,70.6450119,51.0857277,16.9214478,46.961834,4.00418425,4.63570833,3.79314399,0.870590568,5.93185186,18.6610622,192.343262
2026-02-01 00:02:12+00:00,1,70.6648865,51.0577354,17.0224857,47.0049667,4.00917768,4.64891768,3.85640335,0.860840797,5.9280858,18.8322182,193.608322
2026-02-01 00:02:13+00:00,1,70.6898193,51.0125465,16.9655228,46.9812241,4.01107883,4.62275362,3.82666421,0.843369544,5.91084433,18.7528629,192.862335
2026-02-01 00:02:14+00:00,1,70.7132034,50.9655685,16.9499264,46.9755554,4.0118475,4.63586903,3.79773903,0.842217684,5.96072817,18.6082153,192.367752
2026-02-01 00:02:15+00:00,1,70.7347336,50.9230843,17.0002365,46.9333038,4.02566338,4.64265728,3.7714045,0.877431095,5.95213127,18.6732101,193.144516
2026-02-01 00:02:16+00:00,1,70.7562103,50.8836174,16.9174309,47.0380058,4.03333426,4.6625061,3.77056599,0.86157608,5.98408556,18.7492828,193.093018
2026-02-01 00:02:17+00:00,1,70.7801132,50.8422966,16.9556808,46.9353027,4.00987577,4.65527773,3.81098652,0.887966096,5.93787336,18.7226658,193.516373
2026-02-01 00:02:18+00:00,1,70.7976837,50.8060341,16.9533367,46.8929405,4.01588869,4.5913496,3.82872438,0.847712278,5.96772718,18.7390461,190.654938
2026-02-01 00:02:19+00:00,1,70.8071289,50.7637062,16.9311428,46.9634323,4.0238142,4.60355616,3.76782751,0.859270275,5.90485048,18.5988026,191.614258
2026-02-01 00:02:20+00:00,1,70.8269882,50.7289505,16.9357128,47.0271263,3.99221683,4.56554317,3.82288456,0.864667773,5.9702878,18.5605774,191.216873
2026-02-01 00:02:21+00:00,1,70.8488159,50.6824646,17.0251656,47.0089798,4.0316844,4.60154629,3.80845761,0.829378009,5.89713287,18.5408001,188.036163
2026-02-01 00:02:22+00:00,1,70.8727722,50.6541634,17.0367661,46.9864197,4.03912067,4.62478018,3.82121658,0.845746696,5.92632055,18.7688179,189.937286
2026-02-01 00:02:23+00:00,1,70.8876953,50.6257782,16.9545975,46.9419594,4.05060673,4.65809345,3.8139019,0.840233803,5.83906603,18.6822147,189.467941
2026-02-01 00:02:24+00:00,1,70.8902969,50.5955696,17.0154514,46.9892578,4.03515816,4.57798147,3.79809093,0.825731039,5.88705254,18.5292053,192.603149
2026-02-01 00:02:25+00:00,1,70.8865128,50.5643349,17.0333023,47.0117569,3.99432015,4.59537172,3.76198745,0.854126692,5.86025953,18.4317207,192.21286
2026-02-01 00:02:26+00:00,1,70.8772736,50.5348091,16.9191532,46.9509468,4.00444603,4.57480812,3.7521956,0.850419223,5.76911211,18.5620518,190.055664
2026-02-01 00:02:27+00:00,1,70.8610992,50.5092163,17.0330391,46.9737549,3.95775175,4.59732056,3.81136942,0.872883499,5.829597,18.5097485,191.941269
2026-02-01 00:02:28+00:00,1,70.8358231,50.4813347,17.0376892,46.9499245,3.94168925,4.58532,3.73146558,0.845906973,5.84386349,18.3960056,190.232971
2026-02-01 00:02:29+00:00,1,70.8164062,50.4492531,17.0697536,47.0055008,3.95606685,4.54593801,3.73692274,0.849695385,5.83830261,18.3776817,193.633881
2026-02-01 00:02:30+00:00,1,70.7941513,50.4062767,16.9681911,47.0130959,3.97214723,4.57690239,3.75852489,0.843348682,5.88566303,18.4258823,190.754837
2026-02-01 00:02:31+00:00,1,70.7679977,50.3634453,16.984087,46.9508553,3.93348122,4.54233551,3.70635676,0.82490778,5.9097209,18.3842373,191.375275
2026-02-01 00:02:32+00:00,1,70.7475052,50.3274078,16.9390144,46.9611588,3.91589785,4.52575827,3.67567992,0.798042238,5.83315945,18.3456306,191.763733
2026-02-01 00:02:33+00:00,1,70.7338867,50.2944527,16.974535,47.005909,3.95534039,4.50130749,3.70218968,0.802943349,5.91651106,18.3873901,189.675507
2026-02-01 00:02:34+00:00,1,70.727562,50.2663193,17.0312538,47.0254593,3.98052597,4.57475805,3.75112414,0.849760771,5.89885473,18.3918476,193.808212
2026-02-01 00:02:35+00:00,1,70.7269363,50.2365532,17.0167484,47.0019989,3.98003912,4.54311132,3.74451637,0.837750018,5.82520247,18.4195347,192.716934
2026-02-01 00:02:36+00:00,1,70.7256546,50.2223778,17.0124245,46.9338913,3.9371109,4.56339502,3.72026539,0.828320503,5.84845924,18.2817631,190.835846
2026-02-01 00:02:37+00:00,1,70.72052,50.2028961,17.0045929,46.9866676,3.9696188,4.55926847,3.69670892,0.811414957,5.77758551,18.5303745,191.229294
2026-02-01 00:02:38+00:00,1,70.7031937,50.1824532,16.9577847,47.0265312,3.95084906,4.57583714,3.76173639,0.819774389,5.77511406,18.3870277,189.071869
2026-02-01 00:02:39+00:00,1,70.6853714,50.1609039,17.0392113,47.0280418,3.94839811,4.58233881,3.77051473,0.820864737,5.80880594,18.3099537,190.81105
2026-02-01 00:02:40+00:00,1,70.6652145,50.1462746,16.9513607,47.0339088,3.9577055,4.55480146,3.78759956,0.818152845,5.78847456,18.3531361,193.541763
2026-02-01 00:02:41+00:00,1,70.6437836,50.1239662,17.0162487,46.973732,3.9837563,4.61557627,3.8524456,0.821135581,5.84573936,18.3680515,195.01474
2026-02-01 00:02:42+00:00,1,70.6262436,50.0920792,17.0577526,47.0601044,3.9529376,4.64118147,3.79961014,0.793193758,5.82186127,18.4386406,191.427765
2026-02-01 00:02:43+00:00,1,70.6001663,50.0563354,16.9658604,47.0249901,3.99089122,4.58999205,3.78187442,0.823070526,5.82926464,18.5999126,192.090683
2026-02-01 00:02:44+00:00,1,70.5746155,50.0077515,17.0384159,47.0364227,3.96940589,4.57591486,3.7513597,0.783150077,5.74708176,18.4650974,195.350403
2026-02-01 00:02:45+00:00,1,70.5540695,49.9595451,16.9912109,46.9283752,3.96772885,4.63394642,3.76595473,0.825994849,5.80254984,18.5308437,193.223709
2026-02-01 00:02:46+00:00,1,70.5280533,49.8986549,17.0024166,46.9901466,3.95780253,4.59531498,3.80385923,0.838617206,5.77373934,18.4470787,192.010666
2026-02-01 00:02:47+00:00,1,70.5055161,49.8424377,16.913599,47.0101929,3.94556761,4.54867601,3.80100965,0.802897453,5.70846701,18.4868412,193.085175
2026-02-01 00:02:48+00:00,1,70.4785767,49.7892723,17.0115318,46.9921074,3.95985365,4.56481647,3.74385262,0.839576721,5.67837763,18.2169971,192.073593
2026-02-01 00:02:49+00:00,1,70.4639511,49.7343903,16.9313908,46.9789658,3.97555232,4.52462387,3.74976563,0.829678595,5.73908997,18.4860401,192.114365
2026-02-01 00:02:50+00:00,1,70.4487686,49.677887,16.9525318,47.0337868,3.95010328,4.57442856,3.78929591,0.819883168,5.70872784,18.4880695,191.585815
2026-02-01 00:02:51+00:00,1,70.4295578,49.6236877,16.9484978,47.0261803,3.97531748,4.5633812,3.7034812,0.80677563,5.64693975,18.2603893,193.14592
2026-02-01 00:02:52+00:00,1,70.4172134,49.5677147,16.9618816,46.9826736,3.9449594,4.51311636,3.71354866,0.827869177,5.61390734,18.1266193,192.873596
2026-02-01 00:02:53+00:00,1,70.4061966,49.5131035,16.9675865,47.0594597,3.96717453,4.54452085,3.71151137,0.798199296,5.63199663,18.2756767,192.902374
2026-02-01 00:02:54+00:00,1,70.3885269,49.4724922,16.9534855,46.9561195,3.94504046,4.52714729,3.70822477,0.840797842,5.6529603,18.0983887,191.095596
2026-02-01 00:02:55+00:00,1,70.3655472,49.4429283,16.9090061,47.048069,3.91246271,4.50747442,3.69577312,0.814772546,5.61379433,18.0563087,191.436661
2026-02-01 00:02:56+00:00,1,70.3471375,49.4188576,17.0437241,47.0491905,3.93288302,4.51705551,3.68211055,0.827250481,5.67646408,18.3769913,192.055023
2026-02-01 00:02:57+00:00,1,70.3223953,49.3934822,16.8844299,47.0624123,3.92489791,4.51610327,3.65709019,0.814874232,5.69887829,18.2291031,192.39978
2026-02-01 00:02:58+00:00,1,70.3027954,49.367157,17.0234909,47.0208549,3.90499449,4.49953556,3.67508531,0.845684111,5.67368746,18.3354073,194.850403
2026-02-01 00:02:59+00:00,1,70.2928085,49.3199158,16.9366341,47.0359726,3.92837858,4.5100503,3.62866497,0.837192357,5.66310978,18.1230259,191.221176
2026-02-01 00:03:00+00:00,1,70.2807846,49.2604637,16.897892,46.9844246,3.8841517,4.41973448,3.60418224,0.822629094,5.66801786,18.2054939,192.644241
2026-02-01 00:03:01+00:00,1,70.2724228,49.1993332,16.859087,46.9773865,3.88524103,4.49354982,3.64472222,0.825366378,5.67844248,18.1684971,193.322021
2026-02-01 00:03:02+00:00,1,70.2701187,49.1355705,16.8843155,47.0352592,3.89999056,4.46427202,3.59835458,0.856433153,5.67461586,18.1570492,192.456863
2026-02-01 00:03:03+00:00,1,70.2700348,49.0810509,16.9749565,46.96315,3.8635416,4.45442963,3.60211396,0.858161628,5.70445633,18.1531277,192.141983
2026-02-01 00:03:04+00:00,1,70.2761002,49.0112,16.8891582,47.0420609,3.93337011,4.48570156,3.65580153,0.847494304,5.69840956,18.1545944,191.364929
2026-02-01 00:03:05+00:00,1,70.2756958,48.9487686,17.0449085,47.0132828,3.94578409,4.52810431,3.69169641,0.838782847,5.71865129,18.3707352,192.092026
2026-02-01 00:03:06+00:00,1,70.2695923,48.8922348,16.9729156,47.0386009,3.93705511,4.50137138,3.63401866,0.844365656,5.70557737,18.3196964,192.740021
2026-02-01 00:03:07+00:00,1,70.2639313,48.835537,16.923439,47.0280228,3.90543294,4.49682188,3.60438418,0.827307343,5.72174168,18.4605675,191.925781
2026-02-01 00:03:08+00:00,1,70.2669907,48.7906075,17.0484219,47.1451836,3.90561748,4.53195143,3.67125821,0.850188494,5.67647934,18.378828,192.528107
2026-02-01 00:03:09+00:00,1,70.2727814,48.7365685,17.0137444,47.0244141,3.92846012,4.51578045,3.66021967,0.86199379,5.71580315,18.5982018,190.198166
2026-02-01 00:03:10+00:00,1,70.2768784,48.6822701,17.0398617,47.0384712,3.93030596,4.57775164,3.67590046,0.837819755,5.72049379,18.2921848,191.053497
2026-02-01 00:03:11+00:00,1,70.2856369,48.6375504,16.8934498,47.0043144,3.94194984,4.504529,3.6697731,0.858597219,5.74485588,18.370903,191.361664
2026-02-01 00:03:12+00:00,1,70.3014297,48.5983429,17.0439663,46.9934578,3.95996118,4.52704906,3.64407849,0.865185082,5.75826025,18.2334938,191.314285
2026-02-01 00:03:13+00:00,1,70.3148499,48.5546227,16.9994583,47.0133362,3.94514465,4.51492262,3.64810038,0.874905944,5.70617485,18.5180645,189.155136
2026-02-01 00:03:14+00:00,1,70.3329849,48.5054741,17.061636,47.0281677,3.90646696,4.52001762,3.60820341,0.858557999,5.73692417,18.372776,188.719971
2026-02-01 00:03:15+00:00,1,70.3510284,48.4725876,16.9471149,47.0363464,3.87862921,4.466362,3.59154248,0.853821635,5.71641541,18.1146202,188.747635
2026-02-01 00:03:16+00:00,1,70.3695908,48.4391479,17.0509567,47.007618,3.86614799,4.4611454,3.601192,0.842650414,5.73130846,18.1573181,188.276154
2026-02-01 00:03:17+00:00,1,70.3845062,48.416523,17.0474529,47.080658,3.84699059,4.46156359,3.60280442,0.845983922,5.69857025,18.2684841,189.667526
2026-02-01 00:03:18+00:00,1,70.4028397,48.3929253,17.0118999,46.9975853,3.8570857,4.48155499,3.61101985,0.839468896,5.71335363,18.0387974,192.291962
2026-02-01 00:03:19+00:00,1,70.4161682,48.373024,16.9630222,47.015358,3.89469957,4.50567198,3.58587074,0.839863837,5.75186157,18.0463886,191.13121
2026-02-01 00:03:20+00:00,1,70.4315109,48.3524055,16.9842072,46.991703,3.89715624,4.53910255,3.61198378,0.857706785,5.69291973,18.21558,190.221451
2026-02-01 00:03:21+00:00,1,70.4491043,48.3409157,17.0196266,47.0841103,3.87354231,4.55468607,3.60228539,0.860547602,5.78682184,18.4173069,190.034515
2026-02-01 00:03:22+00:00,1,70.4595261,48.3383865,16.9893036,47.0315208,3.85111046,4.51876831,3.62908554,0.852473378,5.6929884,18.3220005,189.690353
2026-02-01 00:03:23+00:00,1,70.4666901,48.3385773,16.9792137,47.0874977,3.8573668,4.51460838,3.60739636,0.827803016,5.69407558,18.0127277,189.421783
2026-02-01 00:03:24+00:00,1,70.4744873,48.3524666,17.0144596,47.0804939,3.88673306,4.53020382,3.63061357,0.847322881,5.69216347,18.0447178,189.030136
2026-02-01 00:03:25+00:00,1,70.4815521,48.3750801,17.0438824,46.9624634,3.89160156,4.48775434,3.63392663,0.837645113,5.66103697,17.9987926,189.034119
2026-02-01 00:03:26+00:00,1,70.4783936,48.409317,16.9709282,46.958828,3.88855433,4.54811192,3.63139153,0.847106755,5.64589548,18.1659374,189.616547
2026-02-01 00:03:27+00:00,1,70.4803696,48.4348984,17.0455837,47.0657043,3.9329977,4.56800222,3.67943621,0.827387333,5.67201424,18.0620785,189.990845
2026-02-01 00:03:28+00:00,1,70.4800797,48.4600983,16.9699898,47.0057068,3.94736362,4.51383114,3.63085604,0.821676195,5.67174053,18.0344582,187.985626
2026-02-01 00:03:29+00:00,1,70.4703064,48.4836349,16.9862671,47.0448074,3.89818907,4.51302242,3.6359005,0.831037164,5.68605852,18.2334423,189.675385
2026-02-01 00:03:30+00:00,1,70.459938,48.516243,16.9527912,47.0657425,3.90572071,4.54859829,3.6872046,0.83157289,5.7296443,18.1768227,187.365891
2026-02-01 00:03:31+00:00,1,70.4436111,48.5503654,16.9073563,46.9904404,3.85966849,4.51486731,3.65955758,0.833540857,5.68331861,18.1134357,189.257416
2026-02-01 00:03:32+00:00,1,70.4310455,48.5955925,16.9419117,46.8992805,3.88478994,4.51620579,3.67182875,0.833289325,5.70739508,17.9931946,188.138336
2026-02-01 00:03:33+00:00,1,70.4017868,48.6334305,16.9448185,47.0104523,3.85977459,4.52239704,3.63555908,0.839571893,5.6549716,18.2053947,187.978699
2026-02-01 00:03:34+00:00,1,70.3853378,48.6671982,16.9618416,47.0385094,3.88388753,4.48775721,3.65205431,0.840528548,5.65983295,18.0745773,189.762955
2026-02-01 00:03:35+00:00,1,70.3612137,48.6926613,16.9756947,46.9875107,3.89139438,4.49803638,3.66900539,0.835459232,5.67952824,18.0720997,191.131332
2026-02-01 00:03:36+00:00,1,70.3332443,48.7190361,16.9433784,46.9720497,3.85852122,4.50744343,3.68166018,0.84045285,5.62684107,17.9408131,188.192841
2026-02-01 00:03:37+00:00,1,70.3011017,48.7524109,16.9854736,47.0003624,3.87769723,4.47254705,3.60108566,0.826690972,5.65368223,17.9666729,188.012131
2026-02-01 00:03:38+00:00,1,70.2745895,48.8057213,16.889349,47.0566292,3.86988115,4.46584129,3.604563,0.82624507,5.64983082,18.1530094,187.42691
2026-02-01 00:03:39+00:00,1,70.2379303,48.8497391,16.9555111,47.0153923,3.86295104,4.42590094,3.61335111,0.808515012,5.66758251,18.1711597,188.374207
2026-02-01 00:03:40+00:00,1,70.20784,48.882473,16.9536419,47.0123863,3.86819887,4.51520777,3.63904166,0.817427516,5.6023159,18.0993786,189.310349
2026-02-01 00:03:41+00:00,1,70.1950073,48.9188766,16.9585285,46.9532089,3.93218589,4.48011589,3.66017008,0.853172719,5.61961651,17.8283978,187.460632
2026-02-01 00:03:42+00:00,1,70.1783371,48.9466362,16.9375496,46.983757,3.90595126,4.51015186,3.68438292,0.799960852,5.67325592,17.9852009,189.722305
2026-02-01 00:03:43+00:00,1,70.1611404,48.9581718,16.896183,46.9882126,3.94556761,4.52905083,3.70315719,0.810149908,5.65500593,17.829649,188.432388
2026-02-01 00:03:44+00:00,1,70.1512222,48.9557495,16.9226589,46.9663696,3.91290998,4.5005064,3.69484544,0.838338017,5.67762327,18.0568905,190.226196
2026-02-01 00:03:45+00:00,1,70.1464539,48.9429054,16.8915901,47.0294075,3.86802268,4.5291996,3.64189696,0.834959745,5.64629555,17.7662067,190.181549
2026-02-01 00:03:46+00:00,1,70.1468506,48.9362907,16.9302788,47.1061325,3.87424755,4.46489096,3.6512084,0.828560412,5.62825489,17.7537003,186.808029
2026-02-01 00:03:47+00:00,1,70.1482697,48.9231491,16.9289055,47.0434341,3.8255465,4.46677685,3.69404602,0.820939302,5.58269501,17.603281,189.229263
2026-02-01 00:03:48+00:00,1,70.151741,48.9063072,17.0166187,46.9739227,3.88508224,4.46510983,3.66233754,0.852211893,5.61486912,17.8542213,189.206207
2026-02-01 00:03:49+00:00,1,70.1624756,48.8925896,16.8923531,47.0263062,3.8815887,4.48195744,3.61885118,0.851520956,5.5762825,17.7117004,190.171799
2026-02-01 00:03:50+00:00,1,70.1719894,48.8759804,16.9688225,46.9838943,3.88386583,4.53677702,3.65046334,0.840984583,5.60975027,17.925642,190.563324
2026-02-01 00:03:51+00:00,1,70.1836243,48.8551598,17.0291157,46.9708595,3.91912556,4.53035116,3.66433573,0.851146817,5.61965942,18.1966076,189.857407
2026-02-01 00:03:52+00:00,1,70.186615,48.8351593,16.9442635,46.9887772,3.88664055,4.52441645,3.66842031,0.883556604,5.60586882,18.0150509,189.546875
2026-02-01 00:03:53+00:00,1,70.185051,48.8130379,16.9636841,47.0240555,3.89951944,4.53613234,3.67736793,0.871174574,5.60560369,17.9467068,189.438614
2026-02-01 00:03:54+00:00,1,70.1872177,48.7954521,16.9144478,47.0100975,3.87722564,4.51731873,3.64274049,0.840607524,5.60370731,17.8030605,191.983337
2026-02-01 00:03:55+00:00,1,70.1845856,48.7860222,16.9303799,47.0238838,3.89578748,4.49251747,3.67602134,0.855235994,5.56037092,17.6868553,191.191055
2026-02-01 00:03:56+00:00,1,70.1770706,48.7752724,17.0018368,46.9963951,3.86961389,4.47419357,3.67885113,0.834085464,5.56247568,17.7198811,186.922852
2026-02-01 00:03:57+00:00,1,70.1650696,48.7737846,16.8916893,46.9708443,3.90951705,4.51332045,3.69651961,0.850728929,5.53689671,18.0287285,187.695328
2026-02-01 00:03:58+00:00,1,70.1398468,48.7697067,16.9168091,46.9903717,3.91564441,4.517488,3.68095016,0.858637571,5.53993607,17.8733158,188.870422
2026-02-01 00:03:59+00:00,1,70.1102448,48.7741394,17.0195332,46.9783325,3.93028617,4.53674507,3.70550346,0.830901384,5.52590179,17.9190331,190.874954
2026-02-01 00:04:00+00:00,1,70.0842285,48.7724228,16.9980659,47.0009308,3.92109013,4.54471159,3.71913552,0.860116959,5.5703454,17.9493446,188.890549
2026-02-01 00:04:01+00:00,1,70.0639191,48.7684975,16.9587383,47.0721092,3.93554616,4.58441639,3.74236012,0.849658787,5.63846254,18.0023575,190.327118
2026-02-01 00:04:02+00:00,1,70.0482712,48.758297,16.9958782,46.9912109,3.93282199,4.56148911,3.7098906,0.864354491,5.612535,18.0094757,190.711472
2026-02-01 00:04:03+00:00,1,70.0371323,48.7578201,16.9579468,47.0149689,3.91971135,4.55702972,3.70187163,0.842581272,5.6395421,18.016119,188.781067
2026-02-01 00:04:04+00:00,1,70.0121384,48.7562637,17.0105038,47.0144806,3.96062231,4.54653358,3.684798,0.85883081,5.65423298,18.0305691,189.762695
2026-02-01 00:04:05+00:00,1,69.9970932,48.7588005,16.9253407,47.0153847,3.94802213,4.56774044,3.74207854,0.87093097,5.6758213,18.192831,190.248352
2026-02-01 00:04:06+00:00,1,69.9808044,48.7723007,16.9283257,47.0297928,3.97427988,4.54683161,3.69411874,0.845058203,5.65971804,18.1134071,187.314438
2026-02-01 00:04:07+00:00,1,69.9604645,48.7981911,16.9869671,47.0138321,3.95904875,4.59098244,3.75471354,0.856206298,5.67294502,18.1419525,189.951096
2026-02-01 00:04:08+00:00,1,69.9332962,48.839119,16.9973106,47.0728607,3.93448496,4.5369854,3.74118543,0.850308657,5.68963099,17.8951187,190.19455
2026-02-01 00:04:09+00:00,1,69.9061508,48.8882637,16.986681,47.0595474,3.91001773,4.53573036,3.72764826,0.839261532,5.63071394,18.0297184,190.41037
2026-02-01 00:04:10+00:00,1,69.8713837,48.9378281,16.9046326,47.1332054,3.87409115,4.50848961,3.72495484,0.84300065,5.62143755,17.9755001,191.097076
2026-02-01 00:04:11+00:00,1,69.8284912,48.9848061,16.9982643,47.0064354,3.88529158,4.51365757,3.69423389,0.842970014,5.64061546,18.2226105,189.714188
2026-02-01 00:04:12+00:00,1,69.7766876,49.0224266,16.8947182,47.0183411,3.9342196,4.54537296,3.74632716,0.842874706,5.59364462,18.0863152,191.332626
2026-02-01 00:04:13+00:00,1,69.7211075,49.0503159,16.9249725,47.0512543,3.8852005,4.50625467,3.73240972,0.821294844,5.65291357,18.0243111,190.848022
2026-02-01 00:04:14+00:00,1,69.6704102,49.0839882,16.9501534,47.0691147,3.93292522,4.54250383,3.71667671,0.844102561,5.6136384,18.286438,190.537857
2026-02-01 00:04:15+00:00,1,69.6221924,49.111412,16.9089012,47.0085106,3.87559104,4.46186876,3.68545818,0.834161162,5.68078518,18.1473312,192.849075
2026-02-01 00:04:16+00:00,1,69.58461,49.1373901,16.9898453,46.9876976,3.85172844,4.48362017,3.67362857,0.782735944,5.61075068,17.880146,193.217682
2026-02-01 00:04:17+00:00,1,69.5550308,49.1703873,17.0221977,47.0632591,3.86425281,4.47395468,3.69872665,0.811414421,5.58735371,17.9715672,190.945145
2026-02-01 00:04:18+00:00,1,69.5256119,49.2116699,16.9354782,46.9898834,3.85296988,4.47404003,3.73741031,0.851448119,5.63135004,18.0990486,192.073303
2026-02-01 00:04:19+00:00,1,69.4982452,49.2458076,16.8885574,46.9776802,3.87811089,4.43840551,3.68942428,0.81718111,5.57105064,17.8782349,192.034012
2026-02-01 00:04:20+00:00,1,69.4743042,49.2840729,16.9000874,47.021946,3.83065224,4.4679656,3.6951654,0.860976875,5.6466198,17.9194584,192.980804
2026-02-01 00:04:21+00:00,1,69.4520111,49.3162308,16.9656239,46.9430847,3.87035942,4.42546415,3.62212372,0.847029507,5.62438679,17.800827,191.915451
2026-02-01 00:04:22+00:00,1,69.4385986,49.340519,16.9376049,46.9993706,3.87827921,4.43791437,3.61695051,0.846200705,5.65666342,17.8905087,193.840958
2026-02-01 00:04:23+00:00,1,69.427124,49.3604546,17.0042381,47.1331406,3.82229519,4.42073774,3.61795807,0.866188347,5.63361025,18.0411568,191.671143
2026-02-01 00:04:24+00:00,1,69.4170685,49.3875351,16.9186382,46.9978714,3.84586787,4.43794203,3.61254549,0.871374607,5.64873552,17.9817772,192.653107
2026-02-01 00:04:25+00:00,1,69.4051971,49.4038086,16.9677029,47.029274,3.84652567,4.46642065,3.59169006,0.884143233,5.60389757,17.9259701,191.047913
2026-02-01 00:04:26+00:00,1,69.3859558,49.4363976,16.9012203,47.0352821,3.85457158,4.46682501,3.61035752,0.854613543,5.57760859,17.8271084,193.439804
2026-02-01 00:04:27+00:00,1,69.3757401,49.461132,16.8648701,46.9999046,3.857054,4.47576046,3.58806229,0.847691715,5.62469816,17.8778305,193.339111
2026-02-01 00:04:28+00:00,1,69.3768845,49.4911118,16.9072571,46.9589462,3.84528661,4.48343706,3.67326474,0.859112322,5.57220316,17.7448158,192.720764
2026-02-01 00:04:29+00:00,1,69.3854752,49.5300255,16.9597168,47.0105591,3.84274101,4.43056536,3.64247966,0.856902957,5.58654928,17.8552475,192.11673
2026-02-01 00:04:30+00:00,1,69.4002533,49.5557709,16.9177017,46.9961243,3.8722949,4.45611954,3.65063882,0.844784021,5.58880949,18.097723,192.326859
2026-02-01 00:04:31+00:00,1,69.4215088,49.5857697,17.0131893,47.0268211,3.86343098,4.46461439,3.68276024,0.871964633,5.61541605,17.7972469,192.01825
2026-02-01 00:04:32+00:00,1,69.4354858,49.6143074,16.9559555,47.0366745,3.86024356,4.51214743,3.70610309,0.849786222,5.63701057,17.9440937,192.868973
2026-02-01 00:04:33+00:00,1,69.4542923,49.6564865,16.999239,47.0584526,3.8570497,4.46790934,3.67784071,0.856330395,5.576159,17.8898869,192.636169
2026-02-01 00:04:34+00:00,1,69.4701767,49.6954193,16.9683189,47.0778313,3.8718133,4.49224615,3.677706,0.820853591,5.64470196,18.1557636,190.481827
2026-02-01 00:04:35+00:00,1,69.492691,49.7431793,16.9353733,47.0758324,3.88956141,4.50666857,3.69283843,0.83579421,5.65370607,18.1698589,193.342468
2026-02-01 00:04:36+00:00,1,69.5122604,49.7840424,16.8826809,46.9622536,3.86924624,4.5102191,3.68996739,0.859234571,5.66257668,18.2874947,193.099457
2026-02-01 00:04:37+00:00,1,69.5257339,49.8233185,16.9152126,47.0435982,3.89035225,4.50681496,3.67458463,0.862988651,5.66493654,18.2168446,193.703171
2026-02-01 00:04:38+00:00,1,69.5400848,49.8749733,16.9593143,47.071167,3.8535738,4.51168728,3.68166876,0.85145992,5.66908932,18.3352222,193.88588
2026-02-01 00:04:39+00:00,1,69.5600662,49.9354935,16.8960152,47.0735397,3.86808157,4.48947144,3.66996741,0.873359621,5.64438534,18.2368393,193.418076
2026-02-01 00:04:40+00:00,1,69.5771179,49.9888763,17.0053406,47.0694504,3.89050579,4.4857893,3.63912439,0.850114048,5.68979454,18.2144375,194.514572
2026-02-01 00:04:41+00:00,1,69.5912399,50.0467796,16.9353886,46.9578018,3.86756873,4.50206041,3.6549623,0.848659158,5.65058994,18.2765141,191.958054
2026-02-01 00:04:42+00:00,1,69.6029968,50.1034355,16.9937553,47.1126289,3.88033152,4.49995232,3.675704,0.840308011,5.68275595,18.2247162,194.841904
2026-02-01 00:04:43+00:00,1,69.6207352,50.167881,16.9592285,47.0176468,3.8900919,4.51819944,3.7008028,0.816939533,5.69884682,18.2204742,194.094604
2026-02-01 00:04:44+00:00,1,69.6390686,50.2189789,17.0113335,47.1142654,3.84477091,4.47299862,3.66316366,0.828927636,5.65116882,17.9915848,194.402573
2026-02-01 00:04:45+00:00,1,69.6659317,50.2620735,16.9933243,47.0421333,3.84943128,4.49813175,3.72201848,0.824540555,5.68358946,18.1046829,194.502502
2026-02-01 00:04:46+00:00,1,69.6882095,50.3063545,16.8998966,46.9933853,3.8929987,4.47509623,3.67086458,0.82105875,5.65792465,18.0248127,195.637512
2026-02-01 00:04:47+00:00,1,69.703125,50.3393364,16.9638672,47.1283531,3.89804769,4.47282743,3.64676976,0.846652985,5.70567894,18.0911369,195.043182
2026-02-01 00:04:48+00:00,1,69.7173538,50.3561668,16.929594,46.9901276,3.91279316,4.4901123,3.66999364,0.831083477,5.74264002,18.0666065,194.778488
2026-02-01 00:04:49+00:00,1,69.7348938,50.3661385,17.0273476,47.032959,3.89944625,4.49814749,3.72231412,0.803191543,5.7471776,18.1347313,195.059219
2026-02-01 00:04:50+00:00,1,69.7508698,50.3908958,16.9343357,47.0891533,3.91079307,4.50934982,3.71879721,0.811171114,5.71927834,18.1307182,194.329514
2026-02-01 00:04:51+00:00,1,69.7805786,50.4293098,16.9221096,47.1160698,3.91986442,4.5007534,3.73762226,0.822301149,5.7294426,18.3101597,196.252609
2026-02-01 00:04:52+00:00,1,69.8113251,50.4712677,16.9009514,46.9797325,3.88321733,4.55163193,3.73967099,0.83809936,5.79146147,18.1922245,194.186218
2026-02-01 00:04:53+00:00,1,69.8369675,50.5263176,16.8861542,47.0357628,3.9308722,4.52343082,3.74385905,0.825931311,5.7589345,18.2039146,194.91777
2026-02-01 00:04:54+00:00,1,69.8607635,50.5819054,16.9116688,47.0222626,3.89744735,4.55567646,3.76540613,0.828110218,5.80269909,17.9572697,195.015533
2026-02-01 00:04:55+00:00,1,69.889801,50.6369209,16.9735241,47.0082245,3.92589283,4.58873034,3.77061844,0.825536191,5.75481796,18.1887321,193.4048
2026-02-01 00:04:56+00:00,1,69.9102783,50.691658,17.0045681,47.0474472,3.88905501,4.53824615,3.75212646,0.848696947,5.76944304,18.1000195,191.539215
2026-02-01 00:04:57+00:00,1,69.9360504,50.75037,17.0116863,47.0960121,3.84620309,4.53497887,3.70958042,0.841377258,5.82975054,18.0644646,193.324753
2026-02-01 00:04:58+00:00,1,69.958168,50.7953529,16.9728603,47.0732117,3.8685956,4.51585007,3.74525666,0.845248401,5.78204966,17.9534035,194.232239
2026-02-01 00:04:59+00:00,1,69.9893417,50.8481407,16.8999538,47.0921974,3.89637375,4.51796293,3.71018171,0.839009762,5.80449629,18.0177078,194.087036
2026-02-01 00:05:00+00:00,1,70.020462,50.8980446,16.9743767,47.0473557,3.91846752,4.53914642,3.68507767,0.806433022,5.79696512,18.1486721,192.659576
2026-02-01 00:05:01+00:00,1,70.0486526,50.9478188,17.0384769,47.1240768,3.88580084,4.56544781,3.69723964,0.851434112,5.81834984,18.3178806,192.205643
2026-02-01 00:05:02+00:00,1,70.0760727,50.9986458,16.9530849,47.0462341,3.88876271,4.48525953,3.66711426,0.84871769,5.78632736,18.1044636,194.490738
2026-02-01 00:05:03+00:00,1,70.1042709,51.0487366,17.029295,47.0396194,3.9252615,4.46790838,3.64431739,0.854202509,5.72359896,18.0746365,194.055328
2026-02-01 00:05:04+00:00,1,70.1212997,51.1109085,16.9394722,47.0029373,3.87701893,4.47358894,3.62184191,0.833033502,5.7355628,17.9103737,192.223938
2026-02-01 00:05:05+00:00,1,70.1337204,51.1652565,16.9458256,46.9936562,3.90045261,4.46643209,3.62284422,0.840311468,5.75035048,17.8492508,192.294189
2026-02-01 00:05:06+00:00,1,70.148468,51.2157822,16.9690666,47.023056,3.94137359,4.50211954,3.64219522,0.842264175,5.77378654,17.9882622,190.408859
2026-02-01 00:05:07+00:00,1,70.1572037,51.2655869,16.9427605,47.0737305,3.92031384,4.53921318,3.67876863,0.840446115,5.77809668,18.0718555,188.317429
2026-02-01 00:05:08+00:00,1,70.1702271,51.3271217,17.1134872,47.0527115,3.9557476,4.54534531,3.6533916,0.831968129,5.73657131,18.0906639,191.354691
2026-02-01 00:05:09+00:00,1,70.1838913,51.3831711,17.0335712,47.034996,3.96516132,4.51870775,3.66224241,0.835337281,5.79289341,18.1050415,191.095428
2026-02-01 00:05:10+00:00,1,70.191246,51.4249611,17.0380955,47.001255,3.93987703,4.52121639,3.64820075,0.859634519,5.78661633,18.1229248,190.515045
2026-02-01 00:05:11+00:00,1,70.1910629,51.4652634,16.9876118,47.0045509,3.96560645,4.49325466,3.64843225,0.848379731,5.71788073,18.3371601,193.719437
2026-02-01 00:05:12+00:00,1,70.1892548,51.5094528,17.0045223,47.011158,3.93781161,4.54966736,3.68431473,0.852919221,5.80023813,18.3926716,191.200226
2026-02-01 00:05:13+00:00,1,70.1803589,51.5609665,16.9812527,47.0937386,3.96165729,4.5273366,3.71218967,0.876540244,5.7726717,18.390274,190.453262
2026-02-01 00:05:14+00:00,1,70.1697769,51.616539,17.0163021,47.0574532,3.93637252,4.53145218,3.66378713,0.874192476,5.77754974,18.1823292,191.599945
2026-02-01 00:05:15+00:00,1,70.1581192,51.6833,16.92416,47.0411072,3.94875765,4.54899549,3.6905539,0.844045758,5.77065611,18.3022423,192.659302
2026-02-01 00:05:16+00:00,1,70.143959,51.7594032,16.9191666,47.0892067,3.98325133,4.56939125,3.72303343,0.852454484,5.75126505,18.3411236,196.128006
2026-02-01 00:05:17+00:00,1,70.1181107,51.8371925,17.0374756,47.0891762,3.96434307,4.61023331,3.73998976,0.856492162,5.73032284,18.1804218,193.13089
2026-02-01 00:05:18+00:00,1,70.0933075,51.9200287,16.9964123,47.0471306,3.94388127,4.58144188,3.67387342,0.861486793,5.79908848,18.2451363,191.461121
2026-02-01 00:05:19+00:00,1,70.0619583,51.9974632,16.9774342,47.0570755,3.98097849,4.55052853,3.66695905,0.841948271,5.72930717,18.1174736,193.860016
2026-02-01 00:05:20+00:00,1,70.0302353,52.06604,17.0403423,47.0754051,4.00498199,4.58000565,3.6604917,0.851423919,5.74152899,18.2699604,193.110474
2026-02-01 00:05:21+00:00,1,69.9967804,52.1269722,16.984293,47.098011,3.98832226,4.58787251,3.6723392,0.85447818,5.64980412,18.4838352,192.577225
2026-02-01 00:05:22+00:00,1,69.9659805,52.192997,17.0060883,46.9882812,3.98965001,4.61932039,3.67050886,0.856291711,5.73961258,18.475132,195.128067
2026-02-01 00:05:23+00:00,1,69.9306412,52.2597313,17.0124989,47.0762062,4.00424623,4.56992674,3.69265938,0.847467422,5.67962313,18.4028664,193.637238
2026-02-01 00:05:24+00:00,1,69.893692,52.3257294,16.9139214,47.0990906,3.9986279,4.59990168,3.71762371,0.854636252,5.69075441,18.5377655,193.9039
2026-02-01 00:05:25+00:00,1,69.8603821,52.3814812,16.928215,47.1227036,3.97942972,4.58722305,3.71764183,0.864626408,5.6563201,18.2241192,191.602859
2026-02-01 00:05:26+00:00,1,69.8375702,52.4392166,16.927351,47.0330734,4.00399208,4.62061501,3.75325322,0.862222254,5.6275053,18.415863,191.350037
2026-02-01 00:05:27+00:00,1,69.8226547,52.4855385,17.0249596,47.037075,4.03957844,4.63158941,3.76152992,0.861480653,5.74401093,18.5406189,192.648239
2026-02-01 00:05:28+00:00,1,69.817131,52.5186882,16.9538879,47.1540108,3.96502638,4.64083385,3.77762222,0.854582131,5.68444824,18.4239635,191.407379
2026-02-01 00:05:29+00:00,1,69.8037033,52.5639915,16.9249363,47.0736885,4.00765753,4.65977716,3.79161334,0.860987663,5.71757221,18.5421028,192.766174
2026-02-01 00:05:30+00:00,1,69.7846527,52.6167908,16.9011173,47.1076431,4.02592134,4.63507795,3.759027,0.859638274,5.67368317,18.4808483,190.301849
2026-02-01 00:05:31+00:00,1,69.7662048,52.670002,16.9912319,47.1763229,4.03146791,4.66144419,3.79571462,0.8782565,5.67916107,18.4656467,192.537643
2026-02-01 00:05:32+00:00,1,69.7510529,52.7130318,16.9330692,47.0600891,4.05417204,4.62253904,3.81729412,0.870174408,5.74323797,18.4363632,194.817383
2026-02-01 00:05:33+00:00,1,69.7352982,52.7750549,16.8983212,47.048275,4.03718853,4.64865637,3.85104036,0.896776795,5.73651409,18.4803066,193.687866
2026-02-01 00:05:34+00:00,1,69.7122192,52.8330536,16.9631557,47.0671692,3.9873836,4.61125374,3.8161099,0.860830128,5.67008066,18.4517822,192.281647
2026-02-01 00:05:35+00:00,1,69.6882401,52.8625374,16.9701633,47.1119843,3.98006344,4.60727167,3.74417067,0.846859694,5.66080046,18.2215233,192.21315
2026-02-01 00:05:36+00:00,1,69.6621017,52.8960228,16.9457417,47.0599747,4.01374054,4.63118076,3.80548477,0.878773987,5.76258278,18.3595619,194.822983
2026-02-01 00:05:37+00:00,1,69.6278687,52.9446182,16.9583569,47.1330681,3.98993111,4.64075136,3.79786158,0.888430178,5.71500397,18.3878098,195.983963
2026-02-01 00:05:38+00:00,1,69.5920486,52.9877243,16.9106102,47.0348854,4.02895737,4.67681885,3.88032579,0.879539788,5.71996737,18.3878708,192.64946
2026-02-01 00:05:39+00:00,1,69.5507812,53.0146332,16.9635849,47.0921669,4.04716682,4.6424737,3.77874923,0.86746335,5.71788931,18.4588394,191.733017
2026-02-01 00:05:40+00:00,1,69.5094452,53.04916,16.9717064,47.0620346,4.01948309,4.61522865,3.77975678,0.885020077,5.76476049,18.2798862,193.790741
2026-02-01 00:05:41+00:00,1,69.4657516,53.0900955,16.973238,47.030098,4.01560879,4.61040783,3.79079223,0.885104001,5.72902966,18.3323727,193.320969
2026-02-01 00:05:42+00:00,1,69.4130402,53.1391029,16.9456882,46.9924316,3.99168801,4.65248299,3.82049251,0.862768114,5.71435881,18.2311287,194.417343
2026-02-01 00:05:43+00:00,1,69.3611526,53.1920471,16.9669857,47.0431519,3.99678087,4.6265316,3.79848242,0.868203878,5.75867462,18.2807446,191.654541
2026-02-01 00:05:44+00:00,1,69.3156357,53.261898,17.0499916,47.0991592,3.95510769,4.59393167,3.73842049,0.866932571,5.72487736,18.0880394,193.833496
2026-02-01 00:05:45+00:00,1,69.2688828,53.3159599,16.9801407,47.1029282,3.98938394,4.55741978,3.74145722,0.845106661,5.6734333,18.0751686,191.649689
2026-02-01 00:05:46+00:00,1,69.2288132,53.3658943,16.9887733,47.0748291,3.97518301,4.61082935,3.7592423,0.843962014,5.69467878,18.083498,196.373154
2026-02-01 00:05:47+00:00,1,69.1955185,53.4172935,17.0588894,47.0650101,3.94279218,4.57307053,3.75540376,0.838166893,5.67107582,18.0698624,193.435699
2026-02-01 00:05:48+00:00,1,69.1585236,53.4642029,17.0300255,47.0421753,3.94129825,4.61448574,3.76699424,0.823209822,5.67850161,17.8946877,194.176804
2026-02-01 00:05:49+00:00,1,69.1246719,53.5162506,17.0016804,47.0346451,3.98357987,4.62486362,3.76377082,0.860184908,5.6791954,17.7294598,193.510712
2026-02-01 00:05:50+00:00,1,69.096962,53.5704079,17.0098305,47.0258446,3.95360994,4.56082726,3.72148728,0.804423034,5.68385887,17.7657242,193.437622
2026-02-01 00:05:51+00:00,1,69.0694733,53.625576,17.0245743,47.071373,3.96665382,4.57280207,3.73089385,0.828443646,5.70008421,17.8221607,196.467911
2026-02-01 00:05:52+00:00,1,69.0512314,53.6846046,16.989502,47.0747337,3.96609735,4.58089733,3.72194147,0.830293775,5.70625019,18.002512,192.396378
2026-02-01 00:05:53+00:00,1,69.0317307,53.7417908,17.0086842,47.0808487,3.92120457,4.53005457,3.72217059,0.812458515,5.64927053,17.9180775,194.688232
2026-02-01 00:05:54+00:00,1,69.0104675,53.7975159,17.0304794,47.1670456,3.96262741,4.56430483,3.7839427,0.828331053,5.65301752,17.6291504,193.794189
2026-02-01 00:05:55+00:00,1,68.9929047,53.852623,16.9189091,47.0255432,3.98218155,4.57517767,3.78442478,0.818804085,5.665555,17.8018265,191.11055
2026-02-01 00:05:56+00:00,1,68.9801178,53.9031601,17.0244255,47.0261765,3.955616,4.54951096,3.73978806,0.802957058,5.65362692,17.6611519,194.270584
2026-02-01 00:05:57+00:00,1,68.9744034,53.9538422,16.9966717,47.0947266,3.92855716,4.51029253,3.73878217,0.785630226,5.62228489,17.4763756,192.839279
2026-02-01 00:05:58+00:00,1,68.9715881,53.9972153,16.9469013,47.0881042,3.89962387,4.52873993,3.75291324,0.794813931,5.63932371,17.5474644,193.84845
2026-02-01 00:05:59+00:00,1,68.9694824,54.0430565,17.0110378,47.045063,3.91983557,4.50581217,3.74107432,0.801831067,5.63892603,17.5051651,190.747879
2026-02-01 00:06:00+00:00,1,68.9651718,54.0898438,16.9359016,47.0640259,3.95194244,4.60272551,3.76951456,0.803082824,5.67805767,17.576025,194.566315
2026-02-01 00:06:01+00:00,1,68.9559402,54.150898,16.9403114,47.1082535,3.93148232,4.53353882,3.7664845,0.830229998,5.58485794,17.6461124,188.721558
2026-02-01 00:06:02+00:00,1,68.9469376,54.2123528,17.0055885,47.1447258,3.90759277,4.53778934,3.75980759,0.775503099,5.62456799,17.5864677,191.776428
2026-02-01 00:06:03+00:00,1,68.9381409,54.2754784,17.0207005,47.1605988,3.91975832,4.57757664,3.75903273,0.813706934,5.60832262,17.5280399,187.750488
2026-02-01 00:06:04+00:00,1,68.9236832,54.3377228,17.019989,47.0960007,3.92220449,4.53352594,3.7387464,0.8185426,5.55492735,17.5199471,192.336441
2026-02-01 00:06:05+00:00,1,68.9073563,54.4085312,16.9449711,47.1315994,3.93067312,4.53698778,3.76801372,0.816435099,5.62972832,17.5888634,191.041473
2026-02-01 00:06:06+00:00,1,68.8835526,54.4602814,16.9991493,47.0898438,3.91071391,4.52965403,3.7626276,0.825137973,5.62253904,17.5676308,189.450897
2026-02-01 00:06:07+00:00,1,68.8531342,54.5211525,16.9868507,47.1375465,3.90810633,4.52547026,3.73076558,0.803788185,5.63237,17.6449661,191.651413
2026-02-01 00:06:08+00:00,1,68.8190308,54.5700607,17.0457764,47.0098114,3.9394207,4.54396534,3.73837757,0.81018424,5.63393974,17.6754379,189.752975
2026-02-01 00:06:09+00:00,1,68.7795029,54.6120949,16.9437008,47.0706673,3.94810677,4.52973938,3.74984503,0.808841348,5.60915852,17.6043797,189.534271
2026-02-01 00:06:10+00:00,1,68.741188,54.6509285,16.9536667,47.0929375,3.87644339,4.53795433,3.75441957,0.824120641,5.59696102,17.4901752,193.968018
2026-02-01 00:06:11+00:00,1,68.6892014,54.6896172,17.0152225,47.0711327,3.91844749,4.55086517,3.78763103,0.791021764,5.66405344,17.7301121,191.671173
2026-02-01 00:06:12+00:00,1,68.6425171,54.7320786,16.9669819,47.09095,3.92789245,4.57008171,3.79555869,0.817521811,5.69902515,17.8584957,191.597244
2026-02-01 00:06:13+00:00,1,68.5884933,54.7878647,17.0731735,47.0613976,3.92196751,4.60238981,3.83150077,0.856371462,5.67521334,17.9951839,188.904724
2026-02-01 00:06:14+00:00,1,68.5321732,54.8379288,17.0891609,47.0763779,3.97033525,4.65901375,3.7756424,0.855362117,5.70191193,18.0341473,190.510788
2026-02-01 00:06:15+00:00,1,68.4845123,54.87817,17.0003719,47.1018066,3.98702025,4.65647793,3.8121829,0.85533005,5.71019411,18.0180798,188.67659
2026-02-01 00:06:16+00:00,1,68.4424667,54.9289284,16.9578247,47.0843315,3.94657445,4.63292933,3.80320358,0.865558863,5.71665192,17.832819,188.357025
2026-02-01 00:06:17+00:00,1,68.4017868,54.9809151,16.96138,47.0878296,3.92174435,4.60914087,3.78034043,0.853367507,5.66444492,17.9779606,190.536255
2026-02-01 00:06:18+00:00,1,68.3672943,55.0301704,16.9552612,47.0354958,3.95196295,4.58655119,3.79396749,0.854623795,5.65050364,17.7065144,191.810684
2026-02-01 00:06:19+00:00,1,68.3419418,55.057579,16.9219189,47.0696526,3.93622684,4.56401873,3.72599411,0.857733488,5.57490826,17.7463093,189.610855
2026-02-01 00:06:20+00:00,1,68.3245773,55.0794945,17.0002823,47.0796051,3.94196868,4.56567287,3.75277233,0.833233356,5.59994221,17.5110054,189.843872
2026-02-01 00:06:21+00:00,1,68.3161469,55.1075897,16.9988174,46.9987869,3.93694639,4.54666233,3.73657274,0.84047544,5.6088829,17.4900608,192.843506
2026-02-01 00:06:22+00:00,1,68.3126144,55.1218185,17.0263119,47.0209579,3.90762162,4.51169348,3.74420309,0.821004927,5.60169792,17.4046478,190.584335
2026-02-01 00:06:23+00:00,1,68.3063507,55.1319084,16.9817753,46.9592285,3.93235207,4.56639194,3.7340579,0.858578205,5.62078762,17.6946697,190.047501
2026-02-01 00:06:24+00:00,1,68.3110352,55.1464272,17.0263596,47.0018883,3.90572858,4.58889103,3.7507937,0.821191788,5.65904808,17.5005093,190.451599
2026-02-01 00:06:25+00:00,1,68.305336,55.1604805,17.0412769,47.0265923,3.92083859,4.5707345,3.79481792,0.811045587,5.63952827,17.7720852,189.146042
2026-02-01 00:06:26+00:00,1,68.3030319,55.1780701,16.9585629,47.0822945,3.89439273,4.57677412,3.75666976,0.812844813,5.68808794,17.5503616,189.181473
2026-02-01 00:06:27+00:00,1,68.2913895,55.1945915,16.9928341,47.1384468,3.90864158,4.58874083,3.71704817,0.843398571,5.71482754,17.8040943,191.772095
2026-02-01 00:06:28+00:00,1,68.2681503,55.2081337,16.8619766,47.0807495,3.92779136,4.63847637,3.76692104,0.841301084,5.69611311,17.9292297,190.0952
2026-02-01 00:06:29+00:00,1,68.2533035,55.2012558,16.9516106,47.0170975,3.93341374,4.62913895,3.7397964,0.853887916,5.73398972,17.9581699,187.418213
2026-02-01 00:06:30+00:00,1,68.23806,55.1971931,16.8950882,46.995575,3.90368962,4.60783339,3.74984574,0.838039815,5.65234804,17.7587566,190.486816
2026-02-01 00:06:31+00:00,1,68.2230225,55.1963196,17.0304661,47.0875664,3.89324903,4.55961847,3.70416045,0.830355704,5.69902372,17.5997467,189.459549
2026-02-01 00:06:32+00:00,1,68.2062531,55.1901283,17.0137234,46.9941788,3.92930055,4.53897047,3.68370295,0.82513243,5.71057367,17.6996479,190.17485
2026-02-01 00:06:33+00:00,1,68.1975861,55.1913834,16.9160938,47.0053635,3.90489459,4.56146431,3.7278986,0.839591444,5.65350246,17.5617199,191.440048
2026-02-01 00:06:34+00:00,1,68.1876297,55.1947899,17.0098915,47.0722771,3.90185738,4.54725742,3.70324516,0.817623734,5.70268202,17.6924191,189.274597
2026-02-01 00:06:35+00:00,1,68.1751175,55.1988907,16.9409924,47.0291176,3.90621734,4.58910942,3.73565602,0.814204991,5.71810198,17.6048698,187.715759
2026-02-01 00:06:36+00:00,1,68.1759033,55.1983643,17.0007839,47.0527687,3.90765476,4.62118244,3.69906735,0.841022611,5.69894552,17.8918018,191.400955
2026-02-01 00:06:37+00:00,1,68.1823883,55.1913376,16.9820461,47.0349312,3.93651867,4.61029291,3.75601792,0.85238111,5.76674318,18.0067291,191.114746
2026-02-01 00:06:38+00:00,1,68.1842422,55.1858177,17.0136299,47.1067047,3.94606972,4.58021879,3.73438597,0.838471591,5.78877306,17.8976002,188.353241
2026-02-01 00:06:39+00:00,1,68.1926346,55.1889496,16.9499207,47.0796776,3.92220449,4.5631032,3.73976231,0.820045292,5.77710533,17.8507977,188.420929
2026-02-01 00:06:40+00:00,1,68.1893463,55.2015305,17.0136604,47.0089569,3.9753437,4.60652685,3.78925967,0.82844156,5.71749258,18.0095406,190.305618
2026-02-01 00:06:41+00:00,1,68.1934433,55.1999588,16.9657497,47.089138,3.9499073,4.56718874,3.74042034,0.828753114,5.75554562,17.9708481,191.562973
2026-02-01 00:06:42+00:00,1,68.2002335,55.1871223,16.9706764,46.979435,3.97269344,4.61544895,3.75302529,0.830010056,5.76151943,18.0914555,189.555206
2026-02-01 00:06:43+00:00,1,68.2172089,55.1699524,16.9169731,47.0388184,3.96605206,4.56598711,3.76194954,0.79793191,5.71104574,17.8640976,189.263992
2026-02-01 00:06:44+00:00,1,68.2246552,55.1568604,16.9567108,47.0148926,3.98060727,4.58350039,3.79162955,0.818763554,5.71311569,17.9038181,189.517532
2026-02-01 00:06:45+00:00,1,68.2303314,55.1511345,16.9287415,47.0581322,3.98705983,4.59506178,3.81539202,0.806420624,5.70426607,17.8079567,191.147339
2026-02-01 00:06:46+00:00,1,68.239563,55.1550064,16.9594002,47.0344276,3.9882803,4.62199211,3.77720022,0.805492938,5.69817257,17.8028107,188.943726
2026-02-01 00:06:47+00:00,1,68.2500381,55.1507912,17.0472927,47.0064125,3.95047045,4.57459068,3.74040246,0.811562896,5.6774435,17.8381538,189.715729
2026-02-01 00:06:48+00:00,1,68.2615891,55.1411858,16.9451427,46.9849167,3.96268439,4.55110168,3.75236726,0.815880239,5.73693752,17.9083214,190.192627
2026-02-01 00:06:49+00:00,1,68.2796402,55.1344032,16.9878559,47.0444717,3.97476149,4.56617355,3.8028307,0.810146451,5.73349619,17.8122635,190.20076
2026-02-01 00:06:50+00:00,1,68.2933426,55.1293068,17.0488148,47.0637016,3.9706018,4.61717176,3.82554555,0.79335469,5.71146154,17.7803097,189.374939
2026-02-01 00:06:51+00:00,1,68.3035889,55.1270218,17.0057087,46.9509964,3.96919513,4.56845808,3.81958556,0.820289493,5.74237728,17.7004814,192.778564
2026-02-01 00:06:52+00:00,1,68.312355,55.1214905,16.9134922,46.9697495,4.02061939,4.58305502,3.81396079,0.777272105,5.77518606,18.0519562,189.046753
2026-02-01 00:06:53+00:00,1,68.3139648,55.1133842,16.9490738,47.0646019,3.99789143,4.6221509,3.85593557,0.799617887,5.69705677,18.1174927,191.431152
2026-02-01 00:06:54+00:00,1,68.310997,55.1008224,17.0151176,46.9964256,3.998698,4.6071701,3.81759763,0.801937878,5.69163561,18.0003204,189.80127
2026-02-01 00:06:55+00:00,1,68.3099747,55.085453,16.9888687,47.0355949,3.99155569,4.58513784,3.84140444,0.809194326,5.76506424,18.1523132,191.326431
2026-02-01 00:06:56+00:00,1,68.3081741,55.0648651,16.8906898,47.0239029,4.01221561,4.62559748,3.79365134,0.840679109,5.72965956,18.160675,187.856155
2026-02-01 00:06:57+00:00,1,68.3065109,55.0449219,16.9471111,46.977047,4.02380514,4.58887815,3.81411171,0.812668562,5.70974159,18.0442867,190.274902
2026-02-01 00:06:58+00:00,1,68.3067245,55.0203705,16.9463215,47.0993614,3.9931426,4.64873791,3.83120632,0.834404826,5.69700861,17.9097672,186.932358
2026-02-01 00:06:59+00:00,1,68.3046951,54.9927864,16.9013634,47.0562935,3.98817468,4.64751625,3.80038524,0.80857271,5.71415234,18.02244,190.038437
2026-02-01 00:07:00+00:00,1,68.3027039,54.9729004,16.970293,47.0358047,4.0016818,4.60077477,3.82574129,0.804433107,5.74436474,18.153019,190.749039
2026-02-01 00:07:01+00:00,1,68.2970428,54.9459457,16.951004,46.9864082,4.0398159,4.60816908,3.86761808,0.808206737,5.72491932,18.1893711,189.187805
2026-02-01 00:07:02+00:00,1,68.2955551,54.9115105,17.0141945,47.0201111,3.98469043,4.61401367,3.87359238,0.818735003,5.72548532,17.9815731,188.343079
2026-02-01 00:07:03+00:00,1,68.2890549,54.889473,16.9088764,47.0595779,3.97763896,4.59625673,3.81773615,0.791068673,5.70757484,18.0067101,189.734604
2026-02-01 00:07:04+00:00,1,68.2877731,54.8829308,16.9952641,47.0319862,3.94901609,4.56846428,3.81269717,0.79161799,5.68051958,18.1143951,189.248291
2026-02-01 00:07:05+00:00,1,68.2828522,54.8732986,16.9283657,47.0633926,3.95442319,4.60638332,3.82155275,0.792186141,5.67620087,17.9848862,187.177979
2026-02-01 00:07:06+00:00,1,68.2735062,54.8701096,16.9759693,47.0115395,3.97539973,4.56745672,3.80087256,0.768112719,5.69391012,17.8198853,189.579819
2026-02-01 00:07:07+00:00,1,68.2671661,54.8622208,16.9546871,47.0620918,3.94961667,4.57169247,3.82208323,0.77828902,5.66557264,17.627882,190.173645
2026-02-01 00:07:08+00:00,1,68.2604446,54.8515282,16.9821644,47.026619,3.95719099,4.49039125,3.81839776,0.763676465,5.61458588,17.6016235,188.776901
2026-02-01 00:07:09+00:00,1,68.251297,54.8480148,17.0444698,47.0613976,3.92472506,4.47949362,3.77447939,0.76721859,5.64923096,17.5004082,187.756851
2026-02-01 00:07:10+00:00,1,68.233345,54.8235779,16.9336014,47.0296783,3.91090655,4.50730085,3.8116951,0.790815353,5.62701273,17.3402157,189.766235
2026-02-01 00:07:11+00:00,1,68.2189865,54.7888832,16.9623985,47.0458717,3.89527273,4.48179817,3.77638865,0.776465595,5.64573526,17.4734898,188.843979
2026-02-01 00:07:12+00:00,1,68.2034607,54.7564087,16.9558525,47.0906258,3.93954134,4.52808332,3.78521109,0.818731964,5.70458031,17.624958,187.403824
2026-02-01 00:07:13+00:00,1,68.197937,54.7171135,17.0596504,47.0405197,3.93818688,4.52599144,3.80467892,0.791988313,5.6916399,17.6759987,188.689011
2026-02-01 00:07:14+00:00,1,68.2054901,54.6689301,16.9479904,46.9727974,3.99054408,4.539186,3.84248018,0.776736081,5.73927689,17.6905327,192.883072
2026-02-01 00:07:15+00:00,1,68.2054672,54.6406136,16.9373531,47.1048012,3.95621514,4.49754524,3.82139587,0.786254168,5.66441536,17.4484558,189.006775
2026-02-01 00:07:16+00:00,1,68.204216,54.6144943,16.925354,47.1003456,3.97471213,4.56632614,3.83579016,0.774854481,5.70580578,17.757925,191.58136
2026-02-01 00:07:17+00:00,1,68.2073441,54.5973396,16.8708992,47.018959,3.94994426,4.56633806,3.79635382,0.801196098,5.67590141,17.7935085,190.764618
2026-02-01 00:07:18+00:00,1,68.2100677,54.5829086,16.9863815,47.0602913,3.95674109,4.5376482,3.80213952,0.828164876,5.72223186,18.0295753,192.098358
2026-02-01 00:07:19+00:00,1,68.2090836,54.564991,17.024189,46.9863205,3.95915866,4.57985401,3.82449675,0.78835243,5.73156118,17.8975315,189.298264
2026-02-01 00:07:20+00:00,1,68.193985,54.5376587,17.0358925,47.1179466,3.95007205,4.55953646,3.80132675,0.784418166,5.68717432,17.9721622,192.176575
2026-02-01 00:07:21+00:00,1,68.1702271,54.5181046,16.975544,47.0790977,3.99033237,4.57457447,3.85230136,0.796101511,5.69066572,18.0038185,192.492065
2026-02-01 00:07:22+00:00,1,68.1430511,54.4994659,17.0171413,47.0014076,3.98972273,4.56681299,3.8507638,0.79319644,5.71884108,18.14715,188.044037
2026-02-01 00:07:23+00:00,1,68.1115112,54.4727859,16.9060307,47.0607185,4.00427103,4.56270075,3.82495403,0.810250998,5.76695061,18.233902,190.229553
2026-02-01 00:07:24+00:00,1,68.0860672,54.4548416,17.0178108,47.0690193,3.98921967,4.59097481,3.83234334,0.805963695,5.70431948,18.1558781,191.580414
2026-02-01 00:07:25+00:00,1,68.0682602,54.4380608,16.9179077,47.0640068,3.96449113,4.54682541,3.79555035,0.797508121,5.7294054,17.9734821,190.824158
2026-02-01 00:07:26+00:00,1,68.0495911,54.4209137,16.9347076,47.0801582,3.97669911,4.53468037,3.81875372,0.761007011,5.68472338,17.9046612,190.156723
2026-02-01 00:07:27+00:00,1,68.0359955,54.4035988,16.9074631,47.0527077,3.97095084,4.51381207,3.74619198,0.812183619,5.64955616,18.0435162,191.966034
2026-02-01 00:07:28+00:00,1,68.0133896,54.3866653,16.9592628,47.0285416,3.96980405,4.53799629,3.78299308,0.783767164,5.6916194,17.8766289,190.669144
2026-02-01 00:07:29+00:00,1,67.9971695,54.3790627,16.9966812,47.0002327,3.92036366,4.48929882,3.75849986,0.769249976,5.72693825,17.821394,193.873871
2026-02-01 00:07:30+00:00,1,67.9856033,54.3795967,16.9538422,47.1166763,3.95665479,4.51711798,3.75419831,0.773171484,5.62941551,17.8485909,188.350693
2026-02-01 00:07:31+00:00,1,67.978569,54.3757401,16.9362106,47.091423,3.98157048,4.5169239,3.78790808,0.758100212,5.66271257,18.0091286,187.583267
2026-02-01 00:07:32+00:00,1,67.9727859,54.3813095,16.8842888,47.0517044,3.96315217,4.53794241,3.81940484,0.741211593,5.61988831,17.9827271,193.880234
2026-02-01 00:07:33+00:00,1,67.9602585,54.3820572,16.9808502,47.0997467,3.96712494,4.53346634,3.77782917,0.784531891,5.6601119,17.9634953,191.753372
2026-02-01 00:07:34+00:00,1,67.9509659,54.3975143,16.8400192,47.0422363,3.97227287,4.55933571,3.78854108,0.797818065,5.65632963,18.0696068,191.826324
2026-02-01 00:07:35+00:00,1,67.9402924,54.4110489,16.9797115,47.0835533,3.97821283,4.55597973,3.80935788,0.748674035,5.68721771,17.9389286,191.451874
2026-02-01 00:07:36+00:00,1,67.9268723,54.423172,16.9246597,47.0989609,3.96966004,4.50065708,3.77052832,0.78165859,5.65852404,17.96595,189.5737
2026-02-01 00:07:37+00:00,1,67.9096222,54.4279366,16.973938,47.0799103,3.94747305,4.48814774,3.76232791,0.800467253,5.68962431,18.1269302,190.741745
2026-02-01 00:07:38+00:00,1,67.8952713,54.4350929,16.8931046,47.0673714,3.99179554,4.49500322,3.72277617,0.794585466,5.68440199,18.1056519,189.040771
2026-02-01 00:07:39+00:00,1,67.8753815,54.4354515,16.9849834,47.0217972,3.9914546,4.50778484,3.81131887,0.788791478,5.63134909,17.9558487,191.573761
2026-02-01 00:07:40+00:00,1,67.8511963,54.424839,16.9411068,47.0372353,4.03282738,4.55490065,3.76751208,0.821135163,5.6475544,18.1849098,188.061951
2026-02-01 00:07:41+00:00,1,67.8334503,54.4140472,16.9056263,47.0546684,3.93770766,4.50802231,3.73902297,0.751269281,5.61937428,17.9068508,192.301361
2026-02-01 00:07:42+00:00,1,67.8117523,54.4023056,16.9644127,47.0841904,3.95723176,4.5616293,3.73021746,0.790296257,5.68126154,17.9589996,190.528275
2026-02-01 00:07:43+00:00,1,67.7881012,54.3861732,16.9372215,47.0289612,3.95978189,4.55588675,3.72410727,0.80596292,5.7238822,17.9575558,190.815079
2026-02-01 00:07:44+00:00,1,67.7598343,54.3722496,16.935957,47.0604973,3.98889756,4.52911139,3.74343634,0.822181642,5.70979357,17.9284134,191.598846
2026-02-01 00:07:45+00:00,1,67.7399673,54.3619957,16.8637524,47.0763435,4.02539015,4.57754707,3.73878002,0.800763488,5.71413708,17.7914391,190.497742
2026-02-01 00:07:46+00:00,1,67.7106476,54.3660698,16.8699436,47.1136856,3.94448233,4.57514524,3.74577641,0.806397319,5.6669364,18.0249729,188.072128
2026-02-01 00:07:47+00:00,1,67.6771317,54.379406,16.8417511,47.0885773,3.98466945,4.55587244,3.75008273,0.78679949,5.6644516,17.9565277,190.993774
2026-02-01 00:07:48+00:00,1,67.6404572,54.3924637,16.9561367,47.0698814,3.97370887,4.50094414,3.74699903,0.812584877,5.71644497,17.9330864,189.662155
2026-02-01 00:07:49+00:00,1,67.5981216,54.4105148,16.865591,47.0662727,3.96632075,4.52450085,3.71264315,0.813429713,5.68695688,18.0409088,189.78447
2026-02-01 00:07:50+00:00,1,67.5602112,54.4285126,16.8556633,47.0712967,3.96521974,4.49119854,3.68356442,0.80549854,5.67612553,17.8234367,191.138641
2026-02-01 00:07:51+00:00,1,67.5226517,54.449131,16.9329491,47.1038055,3.93160248,4.49778843,3.68723917,0.802271903,5.64052725,17.888689,190.850754
2026-02-01 00:07:52+00:00,1,67.4852066,54.4604568,16.9518375,47.0657692,3.92437673,4.49120998,3.69554543,0.772817314,5.7104435,17.7495823,192.143265
2026-02-01 00:07:53+00:00,1,67.4556503,54.4626007,16.8564835,47.0474396,3.89272475,4.45078945,3.69563127,0.772206128,5.72202587,17.6295948,191.845886
2026-02-01 00:07:54+00:00,1,67.422081,54.4608917,16.8642025,47.0539436,3.89912462,4.43496895,3.61581326,0.796907723,5.67085075,17.4607258,188.240463
2026-02-01 00:07:55+00:00,1,67.3938675,54.467289,16.9007835,47.0506897,3.89915895,4.40787125,3.62107372,0.779153943,5.62682438,17.5230656,191.186905
2026-02-01 00:07:56+00:00,1,67.3694763,54.4718323,16.8499584,47.102562,3.88827848,4.40094137,3.62531614,0.776034176,5.64194489,17.7856369,191.016953
2026-02-01 00:07:57+00:00,1,67.3415298,54.4846954,16.8393555,47.0881577,3.86546183,4.41783524,3.57455349,0.792798221,5.60642433,17.7153072,191.549774
2026-02-01 00:07:58+00:00,1,67.3162308,54.4918785,16.837759,47.0337944,3.87879658,4.40769434,3.59199619,0.768303394,5.64157391,17.7145386,190.469711
2026-02-01 00:07:59+00:00,1,67.2864151,54.5128555,16.9240227,47.1633492,3.84027672,4.40676498,3.56958246,0.776428342,5.67551565,17.5834351,190.374573
2026-02-01 00:08:00+00:00,1,67.2562408,54.5408249,16.9012871,47.0849304,3.87736535,4.39606762,3.60772181,0.790454626,5.63861132,17.6357098,192.62233
2026-02-01 00:08:01+00:00,1,67.2230301,54.566349,16.8462029,47.0650368,3.90683484,4.37985134,3.56935096,0.782648921,5.66371822,17.7985134,191.362961
2026-02-01 00:08:02+00:00,1,67.1962814,54.5939102,16.8824711,47.1137695,3.87226319,4.44716358,3.60101867,0.796600163,5.61832237,17.8914433,192.51123
2026-02-01 00:08:03+00:00,1,67.1728439,54.6111336,16.9213409,47.0330658,3.86142421,4.43973112,3.60741735,0.822232902,5.62564707,17.6443195,192.20546
2026-02-01 00:08:04+00:00,1,67.1482162,54.6364479,16.9330292,47.0995598,3.89255095,4.43272591,3.6178782,0.800143361,5.64721251,17.6065331,188.480957
2026-02-01 00:08:05+00:00,1,67.1277924,54.6576843,16.8811359,47.0110741,3.89091039,4.43982267,3.59084153,0.812856793,5.61386919,17.5625248,190.852432
2026-02-01 00:08:06+00:00,1,67.098053,54.6683655,16.904768,47.0647926,3.9201045,4.46688843,3.62237668,0.804058433,5.63163471,17.5700531,192.754532
2026-02-01 00:08:07+00:00,1,67.0644684,54.6760178,16.9174194,47.0522499,3.93738675,4.42880678,3.61305237,0.818630099,5.67382145,17.6806984,190.80751
2026-02-01 00:08:08+00:00,1,67.0353699,54.6846695,16.8630676,47.0815735,3.93168974,4.43353796,3.63763309,0.792076886,5.63439512,17.5197372,187.933701
2026-02-01 00:08:09+00:00,1,67.0103531,54.7013779,16.9461269,47.0435524,3.89745045,4.41895771,3.60283637,0.806798995,5.56813145,17.3922882,191.153275
2026-02-01 00:08:10+00:00,1,66.9861755,54.7123451,16.9282646,47.0839691,3.87283516,4.43259287,3.6351552,0.783331811,5.56433868,17.6248531,191.12941
2026-02-01 00:08:11+00:00,1,66.9600296,54.7249985,16.956337,47.010273,3.90415359,4.41671848,3.61457992,0.801672161,5.60917187,17.3544426,190.34639
2026-02-01 00:08:12+00:00,1,66.9316177,54.7318993,16.9522266,47.0416756,3.88966298,4.4341135,3.58581448,0.810727477,5.5612607,17.5594749,189.238525
2026-02-01 00:08:13+00:00,1,66.8995667,54.7397842,16.843401,47.0639,3.91487145,4.43547964,3.62391973,0.828236043,5.57245064,17.3350773,191.068359
2026-02-01 00:08:14+00:00,1,66.8738022,54.7407074,16.8958683,47.0517082,3.91418815,4.41253233,3.61440945,0.777161896,5.57681084,17.3721104,195.401947
2026-02-01 00:08:15+00:00,1,66.8614426,54.7390671,16.8691349,47.1022301,3.91081715,4.40155792,3.51506186,0.774105728,5.51378393,17.3076458,191.441315
2026-02-01 00:08:16+00:00,1,66.8526688,54.7369423,16.9896221,47.1570816,3.87972879,4.37667751,3.55905986,0.788974762,5.46620083,17.1809711,192.238358
2026-02-01 00:08:17+00:00,1,66.849144,54.7428665,16.8954258,47.1283531,3.92035747,4.3987546,3.54589581,0.783194602,5.50363111,17.1027126,192.598526
2026-02-01 00:08:18+00:00,1,66.8405075,54.7467651,16.9676437,47.0224876,3.85896015,4.3838501,3.56100988,0.789720118,5.52131128,17.1815224,191.146133
2026-02-01 00:08:19+00:00,1,66.8346786,54.7402534,16.9519768,47.0315399,3.85786724,4.38744736,3.50448298,0.769085288,5.52773809,17.1214561,192.03627
2026-02-01 00:08:20+00:00,1,66.8228989,54.7469864,16.9483585,47.0383224,3.88709903,4.35522413,3.5229187,0.795379698,5.56414604,17.2525425,193.093765
2026-02-01 00:08:21+00:00,1,66.8165207,54.7405624,16.8985271,47.0949135,3.89336896,4.39276028,3.57445955,0.781144202,5.57006264,17.437809,190.90213
2026-02-01 00:08:22+00:00,1,66.8066025,54.7295494,16.9305191,47.1052475,3.86635113,4.35592985,3.54619741,0.77873385,5.58350992,17.2723808,191.525803
2026-02-01 00:08:23+00:00,1,66.8015518,54.7235489,16.8985271,47.083416,3.88302064,4.34128475,3.54772925,0.794952214,5.54670143,17.3645821,192.409683
2026-02-01 00:08:24+00:00,1,66.7943268,54.7138214,16.9139557,47.0884666,3.84302783,4.35742235,3.50481534,0.782730699,5.53783035,17.4215546,192.620407
2026-02-01 00:08:25+00:00,1,66.7940216,54.70895,16.97015,47.1309738,3.85666347,4.35877609,3.5224309,0.806131065,5.55156326,17.4563103,192.443329
2026-02-01 00:08:26+00:00,1,66.800705,54.7168655,17.0077362,47.005085,3.8786037,4.39767218,3.55936694,0.812506914,5.54085159,17.3970833,195.428146
2026-02-01 00:08:27+00:00,1,66.8123322,54.73349,16.969244,47.0858345,3.86332178,4.3781929,3.5854845,0.794223905,5.62664413,17.5012455,193.830078
2026-02-01 00:08:28+00:00,1,66.825119,54.7482986,16.9909897,47.1600685,3.87419844,4.3570838,3.56945753,0.777558208,5.63570595,17.3998146,192.003601
2026-02-01 00:08:29+00:00,1,66.8411789,54.7637024,16.89534,47.038269,3.86745381,4.34357071,3.56064582,0.792897582,5.63201332,17.4869823,190.742706
2026-02-01 00:08:30+00:00,1,66.8554001,54.7713814,16.9396839,47.0841713,3.87185359,4.40307903,3.59925795,0.780921638,5.62298775,17.4215088,192.021378
2026-02-01 00:08:31+00:00,1,66.8748627,54.768856,16.9187279,46.965641,3.8777535,4.37796783,3.61595941,0.793898344,5.63365889,17.5273781,189.96936
2026-02-01 00:08:32+00:00,1,66.8944397,54.764679,17.0154686,47.0759811,3.85470986,4.37883711,3.57616377,0.790211558,5.61697769,17.4283848,192.979279
2026-02-01 00:08:33+00:00,1,66.9129639,54.7593651,16.9113293,47.0965843,3.87003064,4.38200808,3.55618548,0.780162692,5.58787775,17.485817,193.908142
2026-02-01 00:08:34+00:00,1,66.9385986,54.7576675,16.9170113,47.117466,3.88784266,4.34533834,3.56054926,0.791189671,5.59710979,17.3755474,192.09993
2026-02-01 00:08:35+00:00,1,66.9615097,54.7417107,16.8883953,47.0667648,3.83296299,4.35347748,3.55304909,0.798713565,5.56082535,17.2191296,191.87735
2026-02-01 00:08:36+00:00,1,66.9883118,54.7348022,16.925354,47.1094475,3.84360361,4.39066982,3.57940531,0.784895658,5.59737873,17.1548767,191.976486
2026-02-01 00:08:37+00:00,1,67.0173035,54.7228737,16.900198,47.0399666,3.86201763,4.42968512,3.59006453,0.772558272,5.57721567,17.3812428,192.734726
2026-02-01 00:08:38+00:00,1,67.046051,54.7030907,16.9659367,47.1098289,3.90322924,4.38327074,3.61372423,0.765219569,5.64624882,17.2964859,194.087921
2026-02-01 00:08:39+00:00,1,67.0693207,54.6877556,16.8432484,47.0459595,3.9010663,4.41559219,3.6320169,0.779635012,5.5889926,17.3088036,194.201065
2026-02-01 00:08:40+00:00,1,67.1037292,54.6695786,16.980608,47.0490799,3.876616,4.42716551,3.62111378,0.760294855,5.54060364,17.1752129,191.642929
2026-02-01 00:08:41+00:00,1,67.1392059,54.6581154,16.8965092,47.0612106,3.87898278,4.49065971,3.63357234,0.792159021,5.58123112,17.1694221,193.554108
2026-02-01 00:08:42+00:00,1,67.1702576,54.6388168,16.8651733,47.1039047,3.9107461,4.48169804,3.67112041,0.755799234,5.61560392,17.3548164,195.490631
2026-02-01 00:08:43+00:00,1,67.2093353,54.6369171,16.9121933,47.0484886,3.92964482,4.46832371,3.66005254,0.780460596,5.59735537,17.1946087,191.142929
2026-02-01 00:08:44+00:00,1,67.2464828,54.630455,16.9194603,47.1342087,3.93404865,4.49330187,3.70913219,0.775132298,5.59029818,17.2123413,192.681168
2026-02-01 00:08:45+00:00,1,67.2778168,54.6203499,16.993475,47.1059456,3.95876217,4.49338198,3.70115304,0.773380935,5.56928825,17.1389217,193.903915
2026-02-01 00:08:46+00:00,1,67.2924118,54.6123924,16.9628105,47.1182098,3.91262794,4.51462221,3.66158175,0.762847424,5.67143679,17.3118954,192.388947
2026-02-01 00:08:47+00:00,1,67.307106,54.5991936,16.9145947,47.0878983,3.8926053,4.54924202,3.70907044,0.786520958,5.67663288,17.2636795,195.005203
2026-02-01 00:08:48+00:00,1,67.3192368,54.5868759,17.0447998,47.1135864,3.91620731,4.54822445,3.72929573,0.794294298,5.69936371,17.3954391,189.998688
2026-02-01 00:08:49+00:00,1,67.3387375,54.5722427,16.9277096,47.0237122,3.92899728,4.55110216,3.69166684,0.786115944,5.73524332,17.5491581,192.900879
2026-02-01 00:08:50+00:00,1,67.3599625,54.5505257,16.8810692,47.1006622,3.93944073,4.57933187,3.71026897,0.8100214,5.66326857,17.5625038,190.86998
2026-02-01 00:08:51+00:00,1,67.3781052,54.5267258,16.9426479,47.0281677,3.93821979,4.55719709,3.69776392,0.801166058,5.73673487,17.5799408,191.827255
2026-02-01 00:08:52+00:00,1,67.3848648,54.5024986,16.9539986,47.0697365,3.91974878,4.55303907,3.75425792,0.80679065,5.65675688,17.5473385,193.182098
2026-02-01 00:08:53+00:00,1,67.3912659,54.492588,16.988348,47.1114388,3.95914435,4.61205816,3.75816655,0.815695643,5.74789047,17.6549263,191.463318
2026-02-01 00:08:54+00:00,1,67.4005814,54.4759064,16.9081135,47.0559845,3.93401623,4.57734632,3.74108601,0.811655939,5.76143265,17.8270493,193.519196
2026-02-01 00:08:55+00:00,1,67.406723,54.4764099,16.9457264,47.0810699,3.95994496,4.60336637,3.76007104,0.812287688,5.71683836,17.7269058,193.010162
2026-02-01 00:08:56+00:00,1,67.4021759,54.4681587,16.9379196,47.0682602,3.9298532,4.58758688,3.76572442,0.818574965,5.78853512,17.6948776,192.064346
2026-02-01 00:08:57+00:00,1,67.4095764,54.4689789,16.9175968,47.0393639,3.99463511,4.60759258,3.77172422,0.84205538,5.78737783,17.8762589,191.512741
2026-02-01 00:08:58+00:00,1,67.4230423,54.4714661,16.9870262,47.0476189,4.02838135,4.61802673,3.76413631,0.838679433,5.7996316,17.9188538,192.432999
2026-02-01 00:08:59+00:00,1,67.4272079,54.4782867,16.9319935,47.071907,4.00495911,4.60082006,3.81086826,0.809296906,5.75015783,17.8856926,194.346634
2026-02-01 00:09:00+00:00,1,67.4360199,54.475666,16.9424286,47.0736732,3.96619725,4.56149244,3.78008533,0.836201727,5.7742815,17.9408379,191.736481
2026-02-01 00:09:01+00:00,1,67.437973,54.4624519,16.8994122,46.9922218,4.05806208,4.599895,3.80768681,0.814218521,5.78175831,18.1453571,192.780533
2026-02-01 00:09:02+00:00,1,67.447113,54.4623489,16.8761253,47.0344963,4.02835274,4.60930395,3.81597447,0.80963248,5.78549004,17.8796921,194.801971
2026-02-01 00:09:03+00:00,1,67.4601974,54.4728889,16.9905243,47.0969086,4.00437021,4.56211329,3.76309085,0.809520245,5.73171043,17.5789528,192.661545
2026-02-01 00:09:04+00:00,1,67.4676743,54.4891815,16.8445301,47.0452805,3.98766375,4.60850191,3.77750635,0.81647253,5.67322588,17.6722813,192.586334
2026-02-01 00:09:05+00:00,1,67.4803696,54.4994164,16.9244175,46.9853363,3.99607086,4.60983515,3.76372004,0.807744682,5.68539047,17.7767067,192.211884
2026-02-01 00:09:06+00:00,1,67.4970169,54.5155373,16.8717728,47.117939,3.98744202,4.57033014,3.72574949,0.813617885,5.68510342,17.6300716,194.274918
2026-02-01 00:09:07+00:00,1,67.5111694,54.5268936,16.9395618,47.0591011,3.95343471,4.54068708,3.72262859,0.806915224,5.66580868,17.6746044,190.885132
2026-02-01 00:09:08+00:00,1,67.5351028,54.5447159,16.915966,47.0844536,3.95875955,4.5435977,3.72154045,0.807312548,5.70390654,17.6917114,189.619965
2026-02-01 00:09:09+00:00,1,67.5633926,54.5725441,16.9581699,47.0925751,3.9934516,4.53874779,3.7447753,0.772859573,5.67052031,17.6524544,190.626434
2026-02-01 00:09:10+00:00,1,67.5953598,54.5981483,16.8910198,47.1214828,4.0021801,4.59871149,3.77539682,0.791176498,5.62303209,17.6338558,189.971329
2026-02-01 00:09:11+00:00,1,67.6186905,54.6273956,16.9311256,47.134716,4.02509069,4.60309458,3.76175809,0.800431132,5.59402227,17.5301857,191.626526
2026-02-01 00:09:12+00:00,1,67.644928,54.6609268,16.8020458,47.0326729,4.01899242,4.57159185,3.78940678,0.829578161,5.61621571,17.79599,189.755615
2026-02-01 00:09:13+00:00,1,67.6681061,54.6984291,16.9057178,47.0830917,4.00137377,4.63447905,3.81655765,0.821801126,5.69471693,17.8599987,192.324631
2026-02-01 00:09:14+00:00,1,67.6919861,54.7384186,16.8417664,47.0209808,3.98805308,4.66950893,3.83753252,0.829929888,5.60309935,17.7097034,190.739059
2026-02-01 00:09:15+00:00,1,67.7166748,54.7783699,16.8969002,47.0859032,3.98613524,4.63048029,3.81266594,0.80954963,5.62074709,17.7065086,193.500977
2026-02-01 00:09:16+00:00,1,67.7494431,54.8141708,16.9280376,47.0607414,4.01356459,4.59874725,3.7590673,0.800127089,5.63371611,17.8462639,191.456482
2026-02-01 00:09:17+00:00,1,67.7850113,54.8518715,16.8394566,47.0965042,4.03918171,4.65279055,3.7642076,0.826145113,5.59841824,17.8949013,189.967621
2026-02-01 00:09:18+00:00,1,67.8162918,54.8868713,16.8697109,47.1341629,4.00873804,4.6133976,3.7688868,0.821315467,5.58663177,17.8628731,190.134201
2026-02-01 00:09:19+00:00,1,67.8468094,54.9068832,16.8716869,47.01548,3.98388314,4.57422113,3.72151589,0.845238745,5.64354038,17.8375931,192.799652
2026-02-01 00:09:20+00:00,1,67.8656616,54.9271278,16.8855762,47.041996,3.9874866,4.54117584,3.7324636,0.78349036,5.58251619,17.7438278,189.915863
2026-02-01 00:09:21+00:00,1,67.8941956,54.9585457,16.8193436,47.2046661,3.96914053,4.56540108,3.73904681,0.788299441,5.55709124,17.8112965,190.041138
2026-02-01 00:09:22+00:00,1,67.9180145,54.9849052,16.8093834,47.1609116,4.00687695,4.55850792,3.74107432,0.813366055,5.50655508,17.636713,189.221588
2026-02-01 00:09:23+00:00,1,67.9339676,55.0145035,16.8678284,47.0047455,3.98102593,4.57527685,3.75263834,0.788999617,5.53766394,17.6011581,189.41275
2026-02-01 00:09:24+00:00,1,67.9580765,55.0404434,16.8154125,47.0263519,3.97273302,4.60435867,3.75310636,0.806724966,5.56773376,17.6474285,189.376053
2026-02-01 00:09:25+00:00,1,67.9867172,55.0717278,16.8625641,47.1236038,3.96600461,4.57782745,3.77881336,0.798705518,5.64873791,17.6608505,189.270981
2026-02-01 00:09:26+00:00,1,68.0122452,55.0917473,16.9039764,47.0612946,3.97756219,4.58581448,3.74471402,0.828484058,5.60078144,17.6634388,186.948669
2026-02-01 00:09:27+00:00,1,68.0422516,55.1138573,16.8996487,47.1211166,3.99383307,4.5830102,3.72558546,0.7953915,5.6241188,17.7227001,191.039322
2026-02-01 00:09:28+00:00,1,68.0766296,55.1408463,16.896019,47.1480408,3.95343328,4.57386494,3.76791859,0.783576369,5.56784821,17.6114941,190.559479
2026-02-01 00:09:29+00:00,1,68.1107101,55.1579437,16.8265228,47.0526619,3.96612191,4.56285238,3.75928926,0.787159801,5.51338625,17.551405,191.180145
2026-02-01 00:09:30+00:00,1,68.1428146,55.1783905,16.8517189,47.0754013,3.9620831,4.58922291,3.77051973,0.811908603,5.60323095,17.7086906,191.718826
2026-02-01 00:09:31+00:00,1,68.1721878,55.1846695,16.8574886,47.0986176,3.94814897,4.59014082,3.7302227,0.80445075,5.4998827,17.6614914,192.240952
2026-02-01 00:09:32+00:00,1,68.1976395,55.1988907,16.9099998,47.0929413,3.97290993,4.58572292,3.76962924,0.81905061,5.52684259,17.7065258,191.033051
2026-02-01 00:09:33+00:00,1,68.2209244,55.2193718,16.9348202,47.0953407,3.99852848,4.58466625,3.74960136,0.805953741,5.52467251,17.6986446,189.238846
2026-02-01 00:09:34+00:00,1,68.238327,55.2419586,16.8994808,47.0944443,3.97615743,4.54135942,3.7321012,0.780239642,5.5794158,17.4735069,192.968216
2026-02-01 00:09:35+00:00,1,68.2582703,55.2677002,16.7987251,47.1327286,3.94474721,4.57253885,3.74866748,0.793734908,5.54930401,17.5853386,188.834702
2026-02-01 00:09:36+00:00,1,68.2766113,55.2874832,16.8912067,47.0636368,3.98372555,4.5673418,3.7855041,0.801885188,5.55205154,17.5404339,191.457001
2026-02-01 00:09:37+00:00,1,68.3006897,55.2991219,16.8721695,47.0651436,3.99179864,4.58492756,3.728091,0.793569982,5.54293346,17.3987942,188.498535
2026-02-01 00:09:38+00:00,1,68.3279495,55.3157806,16.8928261,47.0966797,3.99026036,4.6296649,3.80066609,0.816239774,5.60375452,17.6235371,190.711136
2026-02-01 00:09:39+00:00,1,68.3591614,55.3357201,16.8618622,47.0842056,4.0024724,4.59505129,3.81336546,0.843596816,5.57893085,17.8505325,189.307449
2026-02-01 00:09:40+00:00,1,68.3921967,55.3549995,16.8925533,47.0985641,3.98033237,4.61129713,3.78095508,0.80507499,5.55688286,17.6536007,191.100525
2026-02-01 00:09:41+00:00,1,68.4198761,55.3828201,16.8594742,47.0512047,4.00285149,4.61746645,3.81142521,0.835627317,5.62660789,17.8549995,193.162399
2026-02-01 00:09:42+00:00,1,68.4576797,55.4146767,16.8780804,47.0695,3.99602747,4.61005974,3.83339429,0.828139544,5.63391209,17.7582817,191.189514
2026-02-01 00:09:43+00:00,1,68.4936676,55.4251747,16.8569679,47.1427917,3.99265265,4.63384962,3.825315,0.817632556,5.60294533,17.5632534,190.041809
2026-02-01 00:09:44+00:00,1,68.5368271,55.4335976,16.8488312,47.0699196,4.01201057,4.63305235,3.82347703,0.841509819,5.6165638,17.7781258,190.173264
2026-02-01 00:09:45+00:00,1,68.5695801,55.4307899,16.8510704,47.1318703,4.00132275,4.58693075,3.79542136,0.846069157,5.61418152,17.8410606,187.049194
2026-02-01 00:09:46+00:00,1,68.599678,55.4410019,16.8514938,47.0718727,3.94313216,4.6181283,3.79821229,0.824470997,5.55169868,17.7263241,188.394287
2026-02-01 00:09:47+00:00,1,68.6318588,55.4478378,16.8741188,47.0975914,3.99238563,4.59376955,3.81421995,0.834888577,5.59070683,17.6586781,188.792267
2026-02-01 00:09:48+00:00,1,68.6775894,55.4558525,16.8556538,47.1137428,3.97336602,4.57120323,3.7794838,0.821032226,5.64326668,17.6932182,189.20546
2026-02-01 00:09:49+00:00,1,68.726593,55.4644661,16.8322258,47.1111717,4.03559351,4.6433773,3.79155421,0.819422305,5.66838217,17.9392357,189.624298
2026-02-01 00:09:50+00:00,1,68.7718658,55.4800797,16.829813,47.0886803,4.02987051,4.64644861,3.81731677,0.813158154,5.67492771,18.0550728,189.566727
2026-02-01 00:09:51+00:00,1,68.8154221,55.5015564,16.8777065,47.0281448,4.01955605,4.61763191,3.79431772,0.82313633,5.66552734,18.0511703,187.420624
2026-02-01 00:09:52+00:00,1,68.8562393,55.5241013,16.8357792,47.111248,4.07059193,4.70003319,3.82410836,0.839345694,5.68761158,18.2976837,191.455521
2026-02-01 00:09:53+00:00,1,68.9016724,55.5368919,16.7888241,47.1201019,4.12412643,4.68460655,3.84881091,0.855932593,5.71371174,18.2973938,190.119095
2026-02-01 00:09:54+00:00,1,68.9431686,55.5526466,16.8404255,47.0306816,4.10128641,4.70537424,3.84079981,0.862838387,5.75709963,18.2532368,188.540527
2026-02-01 00:09:55+00:00,1,68.9777832,55.5781212,16.9091606,47.1265373,4.15011883,4.70734549,3.85256958,0.847451627,5.70649004,18.3388481,190.99823
2026-02-01 00:09:56+00:00,1,69.0155411,55.6118927,16.7921219,47.0329285,4.13256693,4.72080898,3.91875339,0.834391654,5.68550777,18.0237865,187.991882
2026-02-01 00:09:57+00:00,1,69.0473633,55.6485481,16.7862377,47.0691719,4.16589737,4.76691723,3.92337418,0.85841769,5.72016382,18.2291946,190.357147
2026-02-01 00:09:58+00:00,1,69.0711441,55.6897392,16.829071,47.1314125,4.10511684,4.72040272,3.87041688,0.834258616,5.68443203,18.4294567,188.871033
2026-02-01 00:09:59+00:00,1,69.0937729,55.7175255,16.8269081,47.122963,4.10616589,4.72369337,3.86935782,0.856553376,5.76735973,18.1619034,189.145279
2026-02-01 00:10:00+00:00,1,69.1148605,55.7454071,16.8473911,47.0577202,4.05792189,4.71413469,3.89425111,0.861155868,5.64172268,17.9238663,188.038025
2026-02-01 00:10:01+00:00,1,69.127243,55.757473,16.831316,47.1489906,4.08106136,4.69088173,3.82173228,0.845585048,5.71260262,18.1052895,188.398285
2026-02-01 00:10:02+00:00,1,69.1459122,55.758419,16.9175892,47.0892601,4.06623888,4.70861673,3.88918376,0.843095839,5.72895527,18.1289062,186.057373
2026-02-01 00:10:03+00:00,1,69.1690216,55.7629318,16.7951336,47.1110992,4.09225655,4.68598223,3.83113623,0.823306203,5.76316071,18.2472553,189.627441
2026-02-01 00:10:04+00:00,1,69.1844254,55.7754135,16.886591,47.1625061,4.09831381,4.68753624,3.86974525,0.811251342,5.73632383,18.19203,187.887527
2026-02-01 00:10:05+00:00,1,69.2009354,55.7948608,16.8501949,47.0709343,4.10714674,4.68073559,3.89163065,0.825737119,5.76304245,18.2248859,191.329163
2026-02-01 00:10:06+00:00,1,69.214386,55.8114204,16.8410683,47.1250992,4.12007141,4.70046759,3.87692428,0.841155469,5.77927637,18.3117428,186.993851
2026-02-01 00:10:07+00:00,1,69.2241821,55.8232918,16.775528,47.128521,4.10872746,4.69609976,3.87604451,0.840147495,5.80565357,18.3036232,187.601105
2026-02-01 00:10:08+00:00,1,69.2373886,55.8455124,16.9106674,47.0592766,4.10382605,4.74101305,3.84227228,0.847582996,5.78848839,18.2938881,187.650238
2026-02-01 00:10:09+00:00,1,69.2438507,55.8630104,16.8157673,47.075058,4.10124302,4.74078131,3.87005258,0.848620236,5.77411175,18.3361912,189.849152
2026-02-01 00:10:10+00:00,1,69.2501678,55.8632851,16.7582264,47.0712357,4.0953269,4.72986889,3.8893261,0.852195978,5.78087902,18.3528061,187.420532
2026-02-01 00:10:11+00:00,1,69.2540436,55.8686638,16.8435249,47.1430244,4.07462263,4.69936562,3.84709167,0.840023339,5.7983532,18.2212467,190.072174
2026-02-01 00:10:12+00:00,1,69.2543335,55.8715897,16.8768406,47.0868073,4.08193541,4.72778559,3.86472034,0.861097336,5.77805042,18.1585655,189.332611
2026-02-01 00:10:13+00:00,1,69.2558899,55.8654022,16.8806725,47.0237656,4.07336473,4.69267797,3.86753583,0.852840066,5.82659101,18.197155,188.517105
2026-02-01 00:10:14+00:00,1,69.2541122,55.8610191,16.8697701,47.0965958,4.09701824,4.71446323,3.85593915,0.851899743,5.78413868,18.2662792,189.426712
2026-02-01 00:10:15+00:00,1,69.2508926,55.8693161,16.8413429,47.0946579,4.06959057,4.72336006,3.87180448,0.830381811,5.78514433,18.3430176,188.441299
2026-02-01 00:10:16+00:00,1,69.2495575,55.8745728,16.790617,47.088932,4.06840944,4.68036747,3.84373474,0.840562761,5.75033045,18.2339935,188.940186
2026-02-01 00:10:17+00:00,1,69.2463531,55.883461,16.8256226,47.0803986,4.06633043,4.63245392,3.83584642,0.858529747,5.82250452,18.2836342,190.809219
2026-02-01 00:10:18+00:00,1,69.2409592,55.8975029,16.7945995,47.0440292,4.07480812,4.67703438,3.84067345,0.8395015,5.76682568,18.2921124,188.883209
2026-02-01 00:10:19+00:00,1,69.2439041,55.900341,16.8667793,47.1553421,4.09027338,4.74368143,3.89139581,0.858679175,5.80721664,18.4012165,188.468994
2026-02-01 00:10:20+00:00,1,69.2473373,55.9062271,16.7680645,47.1017494,4.10014105,4.7101202,3.84178448,0.847135961,5.74544048,18.5408611,186.605499
2026-02-01 00:10:21+00:00,1,69.2534561,55.9117165,16.8893394,47.1427536,4.12461138,4.71999884,3.86204052,0.864724696,5.89642239,18.6595554,189.682785
2026-02-01 00:10:22+00:00,1,69.2633743,55.9157639,16.830595,47.0737991,4.07619095,4.69709253,3.87439299,0.880984843,5.79848289,18.4562683,189.529709
2026-02-01 00:10:23+00:00,1,69.2714157,55.9233513,16.8640938,47.0768471,4.0690465,4.71531487,3.80718184,0.882498324,5.8074069,18.4642315,186.902222
2026-02-01 00:10:24+00:00,1,69.285347,55.9219971,16.8704319,47.0883789,4.10769892,4.68883705,3.84680319,0.853060305,5.82307196,18.4439926,188.871796
2026-02-01 00:10:25+00:00,1,69.3037262,55.9144745,16.9106159,47.1282082,4.08071756,4.69015503,3.82974958,0.851825833,5.7869916,18.5694122,188.757339
2026-02-01 00:10:26+00:00,1,69.3176651,55.9016914,16.7887917,47.0064392,4.05250359,4.7208004,3.80333519,0.844738722,5.76845932,18.3978271,189.754807
2026-02-01 00:10:27+00:00,1,69.3268814,55.8920403,16.8226566,47.1628418,4.03806782,4.62762737,3.76407886,0.851470768,5.80106306,18.2809486,188.083435
2026-02-01 00:10:28+00:00,1,69.3395157,55.8763046,16.8886585,47.1082573,4.03877258,4.6565361,3.73804045,0.856924951,5.7956624,18.4389191,189.451736
2026-02-01 00:10:29+00:00,1,69.340538,55.8495674,16.8359737,47.0538177,4.00611401,4.63122892,3.79352474,0.869683325,5.77815533,18.3278618,191.978012
2026-02-01 00:10:30+00:00,1,69.3325424,55.820961,16.9089222,47.0784531,4.00271559,4.61020279,3.75057888,0.848044813,5.75485134,18.4281044,192.343719
2026-02-01 00:10:31+00:00,1,69.3244781,55.7972374,16.7981377,47.1093102,4.03726864,4.6198945,3.78644919,0.852257788,5.78310394,18.2757702,190.048645
2026-02-01 00:10:32+00:00,1,69.3169098,55.7725067,16.9144669,47.1079369,4.03708506,4.64084196,3.79433155,0.836937368,5.75076389,18.3730869,190.325043
2026-02-01 00:10:33+00:00,1,69.310997,55.7436256,16.9020348,47.1314468,4.06820202,4.67156553,3.80815625,0.855694532,5.78896713,18.3671436,189.823105
2026-02-01 00:10:34+00:00,1,69.2952042,55.7246857,16.9337826,47.1233253,4.066926,4.64097309,3.80182958,0.867885232,5.84174442,18.3169479,192.240814
2026-02-01 00:10:35+00:00,1,69.2756729,55.7215157,16.8271503,47.1311531,4.04945707,4.64502954,3.78313422,0.870833635,5.79112101,18.2980175,190.078232
2026-02-01 00:10:36+00:00,1,69.2488251,55.7202606,16.8722572,47.1698265,4.02012539,4.63644648,3.7908833,0.819476247,5.74204779,18.1463032,188.540512
2026-02-01 00:10:37+00:00,1,69.2186203,55.7167778,16.9170055,47.1477852,4.02781677,4.61215782,3.7530973,0.844028115,5.78346777,18.2828407,189.409042
2026-02-01 00:10:38+00:00,1,69.1881104,55.7067604,16.862812,47.0726204,4.04061651,4.63788128,3.74414015,0.851519465,5.7824564,18.2472363,190.201904
2026-02-01 00:10:39+00:00,1,69.1468735,55.6918831,16.8971863,47.0948486,4.04290342,4.60472918,3.7366116,0.834195197,5.83180904,18.1091366,188.870361
2026-02-01 00:10:40+00:00,1,69.1058578,55.6810532,16.9211063,47.075634,4.08248281,4.58868742,3.75544691,0.870744467,5.75290728,18.1569843,188.958664
2026-02-01 00:10:41+00:00,1,69.0693283,55.6622734,16.7836285,47.1373825,4.06432009,4.62304354,3.78908086,0.843071043,5.7136941,18.2765713,190.718658
2026-02-01 00:10:42+00:00,1,69.0386047,55.6403389,16.7873154,47.1152191,4.0310359,4.67875528,3.76820254,0.856349707,5.68101931,18.1379375,190.289154
2026-02-01 00:10:43+00:00,1,69.0131226,55.6280708,16.8164787,47.1324196,4.04782295,4.6515584,3.75673747,0.823082924,5.68584394,17.9291744,190.484924
2026-02-01 00:10:44+00:00,1,68.9864349,55.6069489,16.8730316,47.1914406,4.06549501,4.63358068,3.79854059,0.838171721,5.63609076,18.1957207,192.029327
2026-02-01 00:10:45+00:00,1,68.9563065,55.5784912,16.9045639,47.0935326,4.04669905,4.66788864,3.79391122,0.835133493,5.66445351,17.9618607,191.379089
2026-02-01 00:10:46+00:00,1,68.928154,55.5493507,16.8447247,47.1276398,4.03278923,4.62897921,3.78418684,0.82730335,5.65937328,17.9448147,189.602036
2026-02-01 00:10:47+00:00,1,68.8978958,55.5287018,16.8475647,47.1241646,4.01976252,4.6165967,3.77449632,0.855745137,5.6320219,18.030653,189.08316
2026-02-01 00:10:48+00:00,1,68.8681488,55.5116882,16.9151363,47.1615791,4.01095009,4.621171,3.78456235,0.848650515,5.63049221,17.8515377,190.266174
2026-02-01 00:10:49+00:00,1,68.8359299,55.5027199,16.9369602,47.1851501,4.03708315,4.64841557,3.75431013,0.838400841,5.61086226,18.1229687,187.238022
2026-02-01 00:10:50+00:00,1,68.8110657,55.4864883,16.8547401,47.1051216,4.02170372,4.63466644,3.75903964,0.826485157,5.66827106,18.0955868,188.893738
2026-02-01 00:10:51+00:00,1,68.7810059,55.4791412,16.8245392,47.0983887,3.99957299,4.61049414,3.77689195,0.80403626,5.62421131,17.739666,188.323029
2026-02-01 00:10:52+00:00,1,68.7475815,55.4798508,16.8974113,47.1159363,3.95510674,4.61840248,3.7909739,0.816533625,5.65247488,18.0005665,188.503403
2026-02-01 00:10:53+00:00,1,68.7199326,55.4737167,16.87603,47.0826721,4.00926924,4.59725046,3.81200099,0.781288624,5.67150402,17.8738708,188.708649
2026-02-01 00:10:54+00:00,1,68.695816,55.4557648,16.8623505,47.1683311,3.9788096,4.58791065,3.76375389,0.802897573,5.62187433,18.0605793,188.861053
2026-02-01 00:10:55+00:00,1,68.6707077,55.4470711,16.8686485,47.1169205,4.02320862,4.59484053,3.74019432,0.816995144,5.64141798,17.8907127,187.628128
2026-02-01 00:10:56+00:00,1,68.6478882,55.4226685,16.8351803,47.1146393,4.03761673,4.63293171,3.74987698,0.787446678,5.63549137,17.9719524,187.235321
2026-02-01 00:10:57+00:00,1,68.6247177,55.4017258,16.7942162,47.0569916,4.03478146,4.61606741,3.78722715,0.795122266,5.61506462,18.0588169,189.282059
2026-02-01 00:10:58+00:00,1,68.6034622,55.3851013,16.8964329,47.0047188,4.05283451,4.58356094,3.79344487,0.822279274,5.67597675,17.995882,187.381104
2026-02-01 00:10:59+00:00,1,68.5792618,55.3676109,16.8293724,47.0691681,4.00277662,4.62518215,3.81429029,0.831017852,5.70659685,18.154562,187.255173
2026-02-01 00:11:00+00:00,1,68.5548706,55.3550797,16.8627129,47.0998611,3.97178221,4.60919142,3.79248548,0.824646831,5.65171194,18.1065826,187.138611
2026-02-01 00:11:01+00:00,1,68.5267944,55.3381538,16.8706322,47.1108322,4.01926422,4.63716555,3.80583787,0.817319334,5.666852,17.8587513,185.997528
2026-02-01 00:11:02+00:00,1,68.4923706,55.3204727,16.8791599,47.1215134,4.03700447,4.621387,3.76743865,0.811441123,5.63424301,18.0807133,187.465179
2026-02-01 00:11:03+00:00,1,68.4570694,55.2945976,16.8367195,47.0639038,3.97236609,4.59162664,3.74653459,0.81161952,5.68244696,17.9104652,188.760315
2026-02-01 00:11:04+00:00,1,68.4169159,55.2667122,16.8450794,47.09972,3.98873806,4.57105923,3.72393346,0.794970036,5.63621092,17.8908424,190.79274
2026-02-01 00:11:05+00:00,1,68.3780823,55.2273903,16.9154224,47.0925674,3.97038531,4.57365465,3.71922278,0.80756706,5.61243439,17.8101063,188.251785
2026-02-01 00:11:06+00:00,1,68.3425369,55.1998329,16.8620281,47.1564598,3.96087432,4.53299904,3.68691468,0.782376885,5.57046843,17.6966724,189.877579
2026-02-01 00:11:07+00:00,1,68.3091812,55.1886902,16.8500271,47.1068153,3.96964312,4.55597544,3.69951868,0.786313713,5.63556242,17.8742886,188.605392
2026-02-01 00:11:08+00:00,1,68.2754059,55.1746674,16.8593216,47.1064796,3.93618155,4.56317854,3.70776772,0.787972987,5.63176966,17.8765755,189.472763
2026-02-01 00:11:09+00:00,1,68.2392731,55.1444244,16.8240089,47.0659599,3.94932961,4.54866362,3.6928308,0.787470877,5.63409281,17.9145622,190.362869
2026-02-01 00:11:10+00:00,1,68.2061768,55.1085625,16.843544,47.1452904,3.98801303,4.5816884,3.73411012,0.800542414,5.60897255,17.7519646,188.947006
2026-02-01 00:11:11+00:00,1,68.1782379,55.0788193,16.8551388,47.1451149,3.95388293,4.53852558,3.70500684,0.784742713,5.60850048,17.7521114,190.957642
2026-02-01 00:11:12+00:00,1,68.1393204,55.0499077,16.7238064,47.0728111,3.96741724,4.6014781,3.72249722,0.77473098,5.62454033,17.7116928,188.392502
2026-02-01 00:11:13+00:00,1,68.1112976,55.0137482,16.8249531,47.1783981,3.99824524,4.61442661,3.71844196,0.776265442,5.66211796,17.8498821,189.58989
2026-02-01 00:11:14+00:00,1,68.0806732,54.9746971,16.829895,47.1268539,4.01219606,4.58459854,3.75865388,0.781240165,5.66148424,17.7871017,189.267746
2026-02-01 00:11:15+00:00,1,68.043602,54.9373932,16.9018631,47.1470528,3.99986219,4.6315136,3.74855828,0.798305929,5.66880703,17.815361,188.632339
2026-02-01 00:11:16+00:00,1,68.0038986,54.896492,16.8409576,47.1104126,4.00812626,4.55974674,3.71944618,0.787436366,5.65523815,17.8373127,189.758743
2026-02-01 00:11:17+00:00,1,67.9635315,54.8534088,16.8972263,47.0745621,3.97353101,4.58805323,3.7412591,0.801216543,5.69477034,17.7573338,190.081314
2026-02-01 00:11:18+00:00,1,67.9214401,54.8125954,16.9453697,47.1531105,4.00749779,4.67207384,3.7717073,0.817439914,5.71799517,17.8554859,188.236008
2026-02-01 00:11:19+00:00,1,67.8660736,54.7873802,16.8077927,47.1275711,3.9651351,4.64375114,3.79554391,0.806313038,5.70347261,17.8579865,186.743866
2026-02-01 00:11:20+00:00,1,67.8048019,54.7718735,16.8850193,47.1038017,3.99497032,4.68914747,3.78500056,0.789550245,5.69981623,17.8465996,191.704926
2026-02-01 00:11:21+00:00,1,67.7504425,54.7446213,16.9258442,47.1668282,4.03079224,4.66592884,3.81812716,0.786919415,5.71851635,17.7038708,185.477051
2026-02-01 00:11:22+00:00,1,67.6960144,54.7058182,16.9159698,47.1875038,4.01775122,4.63004971,3.78815985,0.782032132,5.68023682,17.8930645,183.707611
2026-02-01 00:11:23+00:00,1,67.6425705,54.6685448,16.7885685,47.0753784,3.94205427,4.61800528,3.81485033,0.788585961,5.75639105,17.6165009,186.02713
2026-02-01 00:11:24+00:00,1,67.5859451,54.6448402,16.7243519,47.0834732,3.98362398,4.61796713,3.81427598,0.785279274,5.72604084,17.673912,185.885406
2026-02-01 00:11:25+00:00,1,67.5275269,54.6365395,16.9775867,47.0282669,3.97523546,4.59491301,3.78263354,0.794438243,5.69286871,17.6535053,187.218262
2026-02-01 00:11:26+00:00,1,67.4778519,54.6469994,16.8516369,47.1205673,3.94911432,4.59350157,3.7917521,0.770469725,5.70060301,17.7159462,191.458542
2026-02-01 00:11:27+00:00,1,67.4266434,54.6474876,16.8362713,47.1068764,3.95091271,4.56346273,3.82778287,0.778802574,5.71682167,17.693388,191.649384
2026-02-01 00:11:28+00:00,1,67.3819199,54.6527786,16.9095936,47.1278725,3.94205642,4.56139946,3.76966071,0.789120495,5.67362404,17.8092709,190.326294
2026-02-01 00:11:29+00:00,1,67.3438263,54.6549034,16.9269543,47.0596924,3.9338367,4.56953716,3.70250368,0.781838953,5.68734837,17.7396183,190.82402
2026-02-01 00:11:30+00:00,1,67.3090668,54.652916,16.8819675,47.0831528,3.90773392,4.56431723,3.71043921,0.795773804,5.66731834,17.8780746,192.604935
2026-02-01 00:11:31+00:00,1,67.2768021,54.6588898,16.9169216,47.0373611,3.94165349,4.54747343,3.74424028,0.793630421,5.66110134,17.9914093,190.292343
2026-02-01 00:11:32+00:00,1,67.2398911,54.6584015,16.847559,47.0295067,3.9285934,4.52295256,3.72492909,0.76971668,5.71342134,17.8025513,189.317947
2026-02-01 00:11:33+00:00,1,67.2042999,54.6662903,16.8673134,47.0933266,3.93682957,4.5245266,3.72248268,0.780381203,5.71281528,17.7314262,189.158401
2026-02-01 00:11:34+00:00,1,67.1694336,54.6670723,16.8725719,47.164299,3.90676999,4.53222942,3.72702861,0.771127224,5.7067585,17.5499744,191.513397
2026-02-01 00:11:35+00:00,1,67.1407471,54.6679306,16.8178768,47.1194267,3.91401553,4.46936226,3.70880842,0.790403843,5.74476099,17.6870766,189.094727
2026-02-01 00:11:36+00:00,1,67.1109924,54.6599274,16.8197594,47.1252251,3.89727783,4.54359245,3.77038574,0.79007268,5.66136408,17.5714645,188.93956
2026-02-01 00:11:37+00:00,1,67.0841446,54.6676979,16.9279785,47.0944595,3.85017133,4.50538683,3.72928786,0.772299051,5.67620182,17.5549412,187.624619
2026-02-01 00:11:38+00:00,1,67.0577698,54.672863,16.8293724,47.0188637,3.87954831,4.51375484,3.73321414,0.789992511,5.65049314,17.5708447,191.139435
2026-02-01 00:11:39+00:00,1,67.0300674,54.6827011,16.8094482,47.072197,3.89428687,4.54172516,3.77661872,0.77932024,5.68744326,17.7084465,188.157471
2026-02-01 00:11:40+00:00,1,67.0013351,54.6876526,16.8585854,47.0739861,3.87004995,4.51328468,3.73863053,0.778681457,5.60461521,17.7455082,190.79306
2026-02-01 00:11:41+00:00,1,66.9668884,54.692955,16.854845,47.0701981,3.87844443,4.46158171,3.77708673,0.775378108,5.64593601,17.5450993,190.127731
2026-02-01 00:11:42+00:00,1,66.9302597,54.7048264,16.8316631,47.1608429,3.89304662,4.48670959,3.68301463,0.778112113,5.62940264,17.5235844,189.688751
2026-02-01 00:11:43+00:00,1,66.8901596,54.7213936,16.8673782,47.0339241,3.89530015,4.52158403,3.747756,0.799389184,5.62820244,17.5758266,190.567932
2026-02-01 00:11:44+00:00,1,66.8492661,54.7423325,16.8401146,47.1441574,3.86577153,4.46777773,3.72920513,0.770165145,5.58667183,17.4266949,190.977615
2026-02-01 00:11:45+00:00,1,66.811264,54.7726746,16.8673859,47.0587196,3.90835309,4.47341776,3.66403556,0.790665865,5.61025238,17.3700848,190.04985
2026-02-01 00:11:46+00:00,1,66.776062,54.7911415,16.8450871,47.1054688,3.87159586,4.43311787,3.62542057,0.785972178,5.63336897,17.1519413,187.845825
2026-02-01 00:11:47+00:00,1,66.7399521,54.8119431,16.8928661,47.125618,3.83482003,4.38675165,3.61780334,0.793959379,5.57319498,17.1431026,187.954666
2026-02-01 00:11:48+00:00,1,66.7120895,54.8150177,16.8574715,47.0792961,3.86663294,4.45472336,3.61968851,0.792534471,5.68980885,17.4687328,188.635056
2026-02-01 00:11:49+00:00,1,66.6865311,54.8328743,16.8845634,47.1027031,3.84887123,4.42995501,3.61763477,0.802880168,5.67219543,17.2618675,187.017487
2026-02-01 00:11:50+00:00,1,66.6676865,54.8529549,16.8967876,46.9762421,3.80501771,4.38867855,3.58706498,0.792284787,5.61891937,17.272419,186.989975
2026-02-01 00:11:51+00:00,1,66.6573944,54.871685,16.9074249,47.0726738,3.8148365,4.4046979,3.61645317,0.804817379,5.59930515,17.3134766,187.440796
2026-02-01 00:11:52+00:00,1,66.6465912,54.8829765,16.8190899,47.0499344,3.86736679,4.43316698,3.63427067,0.796315968,5.60706854,17.1485634,187.456085
2026-02-01 00:11:53+00:00,1,66.6336594,54.8878136,16.8259659,47.0209656,3.85489726,4.46419382,3.63270426,0.797878027,5.59362698,17.3758183,188.105667
2026-02-01 00:11:54+00:00,1,66.6185608,54.8875237,16.927639,47.1291733,3.90223503,4.45734406,3.68132305,0.81657356,5.6243825,17.5444508,187.258057
2026-02-01 00:11:55+00:00,1,66.605423,54.8873177,16.8975983,47.0501022,3.84172988,4.43096209,3.63248825,0.838674724,5.59704542,17.4210625,188.095703
2026-02-01 00:11:56+00:00,1,66.6024704,54.8737907,16.8254204,47.0922661,3.85852551,4.40536356,3.64681482,0.808315694,5.6016264,17.3663883,186.89856
2026-02-01 00:11:57+00:00,1,66.5986557,54.8609924,16.8792229,47.1259537,3.83426499,4.42753077,3.70604253,0.786667347,5.6007061,17.3324852,186.328903
2026-02-01 00:11:58+00:00,1,66.6040344,54.8466225,16.8391094,47.1122627,3.86883354,4.47626972,3.643677,0.796965003,5.56768465,17.2550945,186.035034
2026-02-01 00:11:59+00:00,1,66.6067276,54.8266068,16.9087715,47.0816269,3.86260104,4.42645645,3.64343381,0.798611045,5.55165911,17.1599464,184.768509
2026-02-01 00:12:00+00:00,1,66.6157913,54.8118782,16.9376297,47.0736542,3.87159085,4.46690702,3.63605952,0.793753922,5.56482077,17.3365459,185.353973
2026-02-01 00:12:01+00:00,1,66.6298981,54.7969055,16.8542652,47.0910149,3.90838027,4.46852684,3.68207026,0.771084189,5.59353638,17.2174263,188.322876
2026-02-01 00:12:02+00:00,1,66.6465149,54.7693024,16.8832054,47.0641327,3.87192416,4.47074509,3.60852647,0.780170321,5.51248789,17.3944302,188.35994
2026-02-01 00:12:03+00:00,1,66.6567993,54.7462082,16.8681221,47.0727463,3.856071,4.48377657,3.63631415,0.79647845,5.47579765,17.3527164,189.281372
2026-02-01 00:12:04+00:00,1,66.6633835,54.7234077,16.8788357,47.0929642,3.84047508,4.4670701,3.66712785,0.779181719,5.532897,17.1590061,188.229706
2026-02-01 00:12:05+00:00,1,66.678215,54.7170105,16.8944607,47.1067276,3.85658932,4.4543252,3.64628673,0.780863106,5.52971411,17.2521667,188.133316
2026-02-01 00:12:06+00:00,1,66.6938782,54.7092361,16.894949,47.1114464,3.82415771,4.4207015,3.63063526,0.765403748,5.51187801,17.2324181,191.781006
2026-02-01 00:12:07+00:00,1,66.7071915,54.709156,16.7943325,47.0186882,3.84167838,4.44571733,3.61796498,0.800627887,5.46947241,17.2671871,188.531906
2026-02-01 00:12:08+00:00,1,66.7137451,54.705246,16.882658,47.1232567,3.85968828,4.45349026,3.63741374,0.774598658,5.50264025,17.3764038,189.906342
2026-02-01 00:12:09+00:00,1,66.724411,54.7038193,16.8750076,47.1052895,3.89153552,4.45054817,3.61355996,0.787392735,5.56785631,17.3523903,189.877762
2026-02-01 00:12:10+00:00,1,66.7303543,54.710228,16.9000225,47.1157379,3.90325975,4.50838137,3.62601137,0.78924185,5.60542393,17.3849621,191.917068
2026-02-01 00:12:11+00:00,1,66.736969,54.7073593,16.8872204,47.0712318,3.9289155,4.48908567,3.68047881,0.830233455,5.59479284,17.6168079,188.370697
2026-02-01 00:12:12+00:00,1,66.7407837,54.6937714,16.91506,47.1537895,3.91638374,4.50171328,3.65009141,0.798119783,5.64294004,17.7212296,190.272156
2026-02-01 00:12:13+00:00,1,66.7458725,54.6933899,16.9239731,47.0265388,3.92295861,4.54364729,3.68584919,0.807607472,5.62379789,17.782671,188.076065
2026-02-01 00:12:14+00:00,1,66.7579346,54.6855545,16.8959999,47.0649834,3.9456296,4.55126572,3.73258018,0.810672224,5.65782595,17.8583927,187.147339
2026-02-01 00:12:15+00:00,1,66.7654495,54.6755447,16.9143505,47.0665092,3.93214059,4.57821131,3.73131537,0.82825917,5.71061659,17.8852711,191.106583
2026-02-01 00:12:16+00:00,1,66.7757034,54.666687,16.9081383,47.1072159,3.98196721,4.52531338,3.71994758,0.811016917,5.65771484,18.000248,188.611588
2026-02-01 00:12:17+00:00,1,66.7866516,54.6657867,16.9993038,47.0607109,3.96399355,4.59070587,3.75980163,0.825768113,5.63104725,18.0225029,186.008072
2026-02-01 00:12:18+00:00,1,66.7924805,54.6457634,16.8456688,47.1024361,3.91714478,4.60376501,3.76515865,0.799879193,5.63088322,18.0017433,188.374832
2026-02-01 00:12:19+00:00,1,66.8032684,54.6375046,16.8710384,47.0466843,3.94186473,4.54159927,3.72827888,0.802697241,5.66093731,18.0137615,189.573792
2026-02-01 00:12:20+00:00,1,66.8216705,54.6259766,16.8639526,47.0945816,3.94092655,4.53902483,3.73836899,0.804259062,5.65056276,17.9094486,188.585693
2026-02-01 00:12:21+00:00,1,66.8459167,54.6244392,16.9034672,47.0795441,3.92436028,4.54848099,3.6962986,0.818927288,5.6502037,18.1102886,189.205399
2026-02-01 00:12:22+00:00,1,66.8711395,54.6304016,16.8569946,47.0788689,3.96776438,4.59223938,3.74459386,0.824120343,5.61288643,18.1306019,186.234894
2026-02-01 00:12:23+00:00,1,66.8982773,54.633152,16.8705292,47.0825081,3.93965459,4.54360008,3.73992395,0.828938901,5.64228153,18.1325111,189.685928
2026-02-01 00:12:24+00:00,1,66.9281616,54.6413383,16.8550644,47.0455818,3.95861387,4.57575035,3.76066113,0.79420352,5.69792414,17.9326477,189.874008
2026-02-01 00:12:25+00:00,1,66.96315,54.6465683,16.8573036,47.0888748,3.94940424,4.54611254,3.72840905,0.814237714,5.67100143,18.1016216,189.101181
2026-02-01 00:12:26+00:00,1,66.9944077,54.6489067,16.9009743,47.0901718,3.9217267,4.5381546,3.72552204,0.80178082,5.66095686,17.8259678,190.392395
2026-02-01 00:12:27+00:00,1,67.0319595,54.6419868,16.8582382,47.012886,3.92480922,4.5471096,3.69661117,0.812380672,5.59048033,17.7036781,190.48497
2026-02-01 00:12:28+00:00,1,67.0635529,54.6401482,16.9173756,47.0734711,3.94151449,4.52987051,3.67697001,0.788437068,5.56685305,17.7777042,188.474442
2026-02-01 00:12:29+00:00,1,67.0958633,54.643898,16.9479446,47.1212044,3.90225339,4.51043463,3.64095902,0.811568201,5.59584951,17.6514168,191.864258
2026-02-01 00:12:30+00:00,1,67.1278687,54.6310806,16.8926067,47.0300369,3.89332128,4.48490191,3.6837554,0.802468419,5.61734676,17.6768646,189.467621
2026-02-01 00:12:31+00:00,1,67.1588058,54.6116486,16.8381958,47.0551071,3.93472123,4.4965477,3.69418311,0.800305605,5.60478544,17.6838322,191.519272
2026-02-01 00:12:32+00:00,1,67.1982422,54.6014709,16.865984,47.1166687,3.93148804,4.53497124,3.67787337,0.819530547,5.58756351,17.549551,189.746887
2026-02-01 00:12:33+00:00,1,67.2355194,54.5925636,16.877058,47.0704231,3.95712852,4.52255058,3.65820336,0.807701707,5.64307594,17.7151814,191.184494
2026-02-01 00:12:34+00:00,1,67.2677689,54.5780487,16.9003563,47.0799332,3.94973683,4.50992727,3.61611414,0.814944267,5.65646458,17.8077908,192.918243
2026-02-01 00:12:35+00:00,1,67.2899551,54.5703621,16.9431019,47.0975037,3.94642997,4.48885012,3.60651398,0.826622546,5.66942644,17.8238201,191.944199
2026-02-01 00:12:36+00:00,1,67.3068161,54.5598984,16.918272,47.0842285,3.97112441,4.52010059,3.6546855,0.806887746,5.69720793,17.9784164,190.322144
2026-02-01 00:12:37+00:00,1,67.325676,54.552597,16.9165173,47.1163559,3.98290777,4.53304815,3.68005443,0.797752619,5.68331003,17.7688255,192.295868
2026-02-01 00:12:38+00:00,1,67.3412628,54.5401688,16.7942257,47.0674667,3.95228052,4.55195665,3.69847846,0.81443435,5.74093723,17.9614048,192.487244
2026-02-01 00:12:39+00:00,1,67.3505325,54.5279694,16.8566551,47.0320091,4.02613831,4.6123848,3.70700407,0.838028967,5.76857901,18.070673,191.579346
2026-02-01 00:12:40+00:00,1,67.3731537,54.5069046,16.9397011,47.0742416,3.9936409,4.62499428,3.72541094,0.843708932,5.76567173,18.066328,191.231049
2026-02-01 00:12:41+00:00,1,67.3908997,54.5003586,16.7960491,47.0207748,4.02478743,4.62410831,3.77047276,0.859344184,5.71603441,18.0997734,190.306976
2026-02-01 00:12:42+00:00,1,67.4059982,54.4930916,16.9172688,47.061306,3.97680759,4.56518364,3.67966199,0.862469494,5.75866842,18.1609268,190.881607
2026-02-01 00:12:43+00:00,1,67.4211044,54.4849358,16.9241295,47.0918427,3.99675965,4.61711693,3.65045094,0.838797331,5.73751163,17.9949036,194.680298
2026-02-01 00:12:44+00:00,1,67.4377289,54.4717293,16.9122162,47.0514793,3.96727037,4.58164549,3.68368077,0.841845214,5.70324421,18.1126823,192.437241
2026-02-01 00:12:45+00:00,1,67.4498215,54.4601173,16.9154072,47.0808525,3.99725938,4.58842373,3.69821382,0.856285453,5.759058,18.0732994,187.950745
2026-02-01 00:12:46+00:00,1,67.4615479,54.4536819,16.9101906,47.0250397,3.97024775,4.58000994,3.68754005,0.862507999,5.74912882,18.116951,192.806061
2026-02-01 00:12:47+00:00,1,67.4728775,54.4552383,16.9169331,47.0935631,3.93042397,4.59661913,3.693115,0.845441997,5.64903784,18.0047436,190.729858
2026-02-01 00:12:48+00:00,1,67.4720306,54.4588737,16.9833031,47.0916023,3.93184471,4.57313681,3.65349817,0.839324236,5.65739584,17.8792553,191.864822
2026-02-01 00:12:49+00:00,1,67.4822235,54.4724236,16.8670654,47.0710182,3.89662242,4.58057499,3.6825099,0.818835318,5.63661003,17.7980919,191.296051
2026-02-01 00:12:50+00:00,1,67.4845963,54.4736633,16.8840141,47.0843086,3.92340422,4.5860157,3.7370944,0.840115368,5.66199303,17.8992043,190.01947
2026-02-01 00:12:51+00:00,1,67.4892807,54.4694748,16.8870735,47.0497284,3.9178288,4.54219246,3.69496822,0.82497555,5.65880585,17.9023857,191.494568
2026-02-01 00:12:52+00:00,1,67.4889069,54.4699593,16.8631954,47.1584435,3.92812109,4.60892677,3.72267413,0.8249771,5.65838718,17.8022499,189.763351
2026-02-01 00:12:53+00:00,1,67.4904327,54.4604034,16.8011494,47.0449181,3.92382574,4.57025385,3.72268605,0.852505445,5.64301491,17.8600254,192.024734
2026-02-01 00:12:54+00:00,1,67.4899826,54.4582939,16.8588467,47.0786896,3.92492127,4.60786772,3.75515223,0.822993755,5.69368839,18.0182209,188.459183
2026-02-01 00:12:55+00:00,1,67.4836731,54.4610443,16.9231052,47.1273384,3.95202136,4.61118507,3.77633858,0.810957134,5.63749504,18.0323219,190.627518
2026-02-01 00:12:56+00:00,1,67.4711838,54.441967,16.869112,47.0748405,3.98083067,4.6203227,3.7849288,0.810689926,5.69311094,17.9612427,189.825912
2026-02-01 00:12:57+00:00,1,67.4632568,54.4279251,16.9176674,47.0774345,3.99308944,4.60824251,3.7682724,0.799325228,5.69624805,17.8162498,190.754761
2026-02-01 00:12:58+00:00,1,67.4508286,54.4073296,16.756958,47.054493,3.92937922,4.60122633,3.7930913,0.819819391,5.71850777,17.8376884,192.529663
2026-02-01 00:12:59+00:00,1,67.4387436,54.3826218,16.889801,47.1007195,3.98233676,4.64707613,3.82561517,0.823260605,5.75581312,18.0448627,189.868362
2026-02-01 00:13:00+00:00,1,67.4231491,54.3514252,16.9270515,47.130825,3.97303772,4.63464546,3.77406287,0.832678199,5.74589729,18.2663078,190.560333
2026-02-01 00:13:01+00:00,1,67.4074173,54.3213463,16.8387661,47.0612144,3.96493149,4.60777044,3.75940347,0.810662627,5.74206161,18.2228413,191.69635
2026-02-01 00:13:02+00:00,1,67.4012909,54.2792015,16.9038754,47.1294022,3.96963334,4.60815525,3.79735661,0.843550861,5.7732563,18.3348656,190.881531
2026-02-01 00:13:03+00:00,1,67.404808,54.2319031,16.926775,46.9713326,3.98740745,4.65706921,3.80973911,0.839323223,5.77994823,18.2179031,187.3396
2026-02-01 00:13:04+00:00,1,67.4096527,54.184967,16.8787098,47.0929718,3.9556725,4.61353922,3.7575655,0.815885901,5.77664995,17.9500065,189.288834
2026-02-01 00:13:05+00:00,1,67.414505,54.1473885,16.8418312,47.0492783,3.95735168,4.63085938,3.8347199,0.819611371,5.77185202,18.2468338,187.057541
2026-02-01 00:13:06+00:00,1,67.411171,54.1226997,16.9444332,47.1072922,4.0143075,4.62233448,3.82183552,0.83464402,5.79483986,18.2660141,189.35083
2026-02-01 00:13:07+00:00,1,67.4114456,54.1013527,16.8914986,46.9982224,3.97922945,4.59349298,3.83171654,0.854107201,5.79725218,18.2381248,188.831512
2026-02-01 00:13:08+00:00,1,67.4083633,54.0749168,16.7833214,47.0596237,3.99108529,4.61145544,3.79687548,0.828351319,5.7416625,18.2831364,188.245499
2026-02-01 00:13:09+00:00,1,67.4111862,54.0588722,16.9371605,47.098278,3.92046762,4.5687027,3.79729652,0.836160839,5.81649828,18.3745804,186.584961
2026-02-01 00:13:10+00:00,1,67.4222794,54.0398712,16.8882504,47.1357193,3.96307254,4.64441347,3.79953194,0.846751392,5.74983501,18.2989254,188.749924
2026-02-01 00:13:11+00:00,1,67.4379349,54.0198212,16.8415718,47.1160011,3.96768641,4.59664869,3.7848084,0.857136607,5.75988197,18.2890434,189.134705
2026-02-01 00:13:12+00:00,1,67.4583435,53.9997292,16.8160515,47.0656013,3.99400282,4.62800741,3.81240916,0.842965126,5.76767349,18.3684959,190.694626
2026-02-01 00:13:13+00:00,1,67.4775696,53.9848289,16.8774261,47.0341072,3.98265433,4.63629293,3.77335191,0.846444368,5.73415565,18.1213455,188.511429
2026-02-01 00:13:14+00:00,1,67.4960861,53.9591484,16.8654823,47.041584,3.95477176,4.64222097,3.78736567,0.830059528,5.70567274,18.005928,189.62059
2026-02-01 00:13:15+00:00,1,67.5068207,53.9400139,16.8317356,47.0569649,3.92201471,4.56211853,3.81751347,0.834032595,5.71295786,18.0024281,190.946121
2026-02-01 00:13:16+00:00,1,67.5182037,53.9185715,16.8612251,47.0529556,3.95637774,4.53803062,3.80967498,0.832020998,5.66804409,18.1117783,189.840866
2026-02-01 00:13:17+00:00,1,67.530365,53.8957329,16.8299599,47.1370392,3.98597431,4.59286165,3.7946732,0.845028639,5.76564121,18.204874,190.377609
2026-02-01 00:13:18+00:00,1,67.5373764,53.8765182,16.8701763,47.0880814,3.9487226,4.57170057,3.79804182,0.850260496,5.81146955,18.2936153,191.251083
2026-02-01 00:13:19+00:00,1,67.5332565,53.8710709,16.8767662,47.0604668,3.94244146,4.56488419,3.80129623,0.867578328,5.75012016,18.2013092,189.380997
2026-02-01 00:13:20+00:00,1,67.5311432,53.8627892,16.8399944,47.0621185,3.93739271,4.53636551,3.78587818,0.844209135,5.71060896,18.0111389,189.373138
2026-02-01 00:13:21+00:00,1,67.5277328,53.868,16.8895988,47.1287193,3.92048979,4.49889803,3.74724388,0.851177454,5.70656347,18.1243496,187.45224
2026-02-01 00:13:22+00:00,1,67.5266876,53.875618,16.8627625,47.1142044,3.88166785,4.47511911,3.72117519,0.837225556,5.70297813,18.0637569,189.88884
2026-02-01 00:13:23+00:00,1,67.5216675,53.8943939,16.8995094,47.0736465,3.93024826,4.5090704,3.71374226,0.821100652,5.69993496,18.2390709,190.476501
2026-02-01 00:13:24+00:00,1,67.5080338,53.9106598,16.8511925,47.0926514,3.94949841,4.47933006,3.75590754,0.840481639,5.65472174,18.0522213,189.848953
2026-02-01 00:13:25+00:00,1,67.4961166,53.9307709,16.8910809,47.1114006,3.91336131,4.49148846,3.69760537,0.850688994,5.64906788,17.7929859,191.498642
2026-02-01 00:13:26+00:00,1,67.4861145,53.9599533,16.8002491,47.1074791,3.92762971,4.5056572,3.69981694,0.852707446,5.61117744,17.966465,191.188141
2026-02-01 00:13:27+00:00,1,67.469429,53.9802208,16.8669739,47.0853386,3.9129467,4.45168686,3.70426679,0.834439218,5.63233137,17.9027252,190.03891
2026-02-01 00:13:28+00:00,1,67.447319,53.9863777,16.9043407,47.1334496,3.9010365,4.51216841,3.70830345,0.836847723,5.65777016,17.9888706,191.489853
2026-02-01 00:13:29+00:00,1,67.4221115,53.9926071,16.9515247,47.0939217,3.99367642,4.53382444,3.7145102,0.839340568,5.63508892,18.0481625,190.179108
2026-02-01 00:13:30+00:00,1,67.3955154,54.0120049,16.893631,47.1373253,3.93031073,4.52613306,3.73956418,0.828950822,5.63978624,17.9314194,190.904495
2026-02-01 00:13:31+00:00,1,67.3726273,54.0354767,16.9044876,47.11129,3.9393568,4.47283077,3.7020421,0.829981506,5.65820694,17.9091434,189.948624
2026-02-01 00:13:32+00:00,1,67.3554535,54.0471497,16.8567448,47.1336212,3.88628316,4.49293137,3.68797779,0.839049995,5.66708803,17.6791344,188.343597
2026-02-01 00:13:33+00:00,1,67.3413849,54.040493,16.9352455,47.0255127,3.87138081,4.52738571,3.68245602,0.841230214,5.60168934,17.816906,191.085556
2026-02-01 00:13:34+00:00,1,67.3364563,54.0381622,16.9654903,47.0521889,3.95022273,4.49569988,3.687217,0.831483006,5.65811443,17.5229511,189.786804
2026-02-01 00:13:35+00:00,1,67.3386841,54.0416641,16.8703289,47.113102,3.94298887,4.53421259,3.71590686,0.868873954,5.63659763,17.8082809,192.271347
2026-02-01 00:13:36+00:00,1,67.3438873,54.0527916,16.994978,47.0818748,3.94008207,4.54485083,3.67635083,0.812505186,5.65922642,17.7151413,191.748367
2026-02-01 00:13:37+00:00,1,67.3553848,54.0486794,16.9043846,47.114212,3.94450831,4.51733446,3.70406294,0.825111032,5.65477419,17.7284107,190.86496
2026-02-01 00:13:38+00:00,1,67.3581161,54.0347824,16.7798958,47.0474243,3.89640498,4.52058315,3.6520133,0.815852463,5.64866352,17.8056908,190.299423
2026-02-01 00:13:39+00:00,1,67.3667755,54.0244255,16.8594913,47.0358276,3.90780282,4.53152466,3.70480204,0.824430168,5.65539026,17.8288231,192.995377
2026-02-01 00:13:40+00:00,1,67.378952,54.0123444,16.8872204,47.0182838,3.92761493,4.54827118,3.6850245,0.804669082,5.64049053,17.8834877,189.502182
2026-02-01 00:13:41+00:00,1,67.3928146,53.9947128,16.8146496,47.1073265,3.91000509,4.4632678,3.7301569,0.785556316,5.63975763,17.5924492,191.770599
2026-02-01 00:13:42+00:00,1,67.4067993,53.9677429,16.887064,47.076416,3.92216253,4.54090214,3.70223331,0.780594766,5.60772991,17.6817284,191.291122
2026-02-01 00:13:43+00:00,1,67.4210358,53.9388351,16.8262272,47.0659332,3.88752294,4.48887491,3.67200232,0.776896238,5.56244135,17.7472267,192.549179
2026-02-01 00:13:44+00:00,1,67.4367828,53.9071693,16.8084545,47.1069756,3.89788699,4.48509789,3.64620709,0.777060449,5.57585192,17.619175,190.796753
2026-02-01 00:13:45+00:00,1,67.4570312,53.8910103,16.9258766,47.1361465,3.91159296,4.4538703,3.63618517,0.791171432,5.57259464,17.6212692,192.155518
2026-02-01 00:13:46+00:00,1,67.4723358,53.8766403,16.8685246,47.1160889,3.93155217,4.45298958,3.63503265,0.785823941,5.55005932,17.7066555,190.39888
2026-02-01 00:13:47+00:00,1,67.4967422,53.8735085,16.7306118,47.1424942,3.92169142,4.51936293,3.67091656,0.78384006,5.64818382,17.5905285,193.57077
2026-02-01 00:13:48+00:00,1,67.517189,53.857872,16.8942699,47.1459999,3.91102362,4.4444561,3.63925052,0.767879307,5.58695221,17.6287308,190.491531
2026-02-01 00:13:49+00:00,1,67.5367279,53.8583488,16.8611946,47.1745758,3.9141705,4.45646048,3.70050359,0.778653204,5.6023078,17.5414295,193.51181
2026-02-01 00:13:50+00:00,1,67.5427628,53.8611755,16.90481,47.1125603,3.93451834,4.532094,3.73509407,0.758840024,5.61849976,17.625948,193.313477
2026-02-01 00:13:51+00:00,1,67.5586853,53.8689461,16.8247147,47.0760651,3.93606448,4.49128008,3.70924711,0.774598122,5.62758446,17.5102844,191.144455
2026-02-01 00:13:52+00:00,1,67.5767365,53.8774147,16.8356266,47.0548439,3.94857621,4.47791672,3.69375134,0.784083366,5.5775795,17.5898094,194.295181
2026-02-01 00:13:53+00:00,1,67.5842743,53.8849754,16.8513889,47.1263771,3.92281818,4.49025583,3.74795008,0.772826791,5.5977931,17.5351925,192.976089
2026-02-01 00:13:54+00:00,1,67.5954666,53.8924522,16.8513813,47.1470337,3.92173171,4.48751116,3.73598838,0.766258061,5.56250381,17.5446377,194.969162
2026-02-01 00:13:55+00:00,1,67.60215,53.8851929,16.7666245,47.0919762,3.91920114,4.45540571,3.70783186,0.756804168,5.56806803,17.6313744,191.376373
2026-02-01 00:13:56+00:00,1,67.61026,53.8744812,16.7962875,47.10812,3.93646049,4.48426914,3.72136688,0.766523838,5.54292631,17.4807014,191.565887
2026-02-01 00:13:57+00:00,1,67.6204147,53.8661079,16.8352146,47.0973892,3.89138818,4.46652412,3.75406885,0.746455967,5.54840088,17.4647598,192.987717
2026-02-01 00:13:58+00:00,1,67.6251526,53.8571663,16.9256248,47.0628891,3.89083457,4.45547485,3.69817567,0.769985378,5.51135254,17.5343246,191.172028
2026-02-01 00:13:59+00:00,1,67.6240005,53.8511848,16.8546753,47.0544891,3.87589145,4.46212435,3.70856452,0.759313583,5.52898741,17.4346428,191.531479
2026-02-01 00:14:00+00:00,1,67.6235275,53.8513947,16.9070263,47.0636177,3.83516073,4.47680998,3.74432969,0.783694506,5.51767111,17.3896389,191.477066
2026-02-01 00:14:01+00:00,1,67.6305313,53.8541641,16.895504,47.0504379,3.86672115,4.45480299,3.69254708,0.766552567,5.56757402,17.5386925,190.697617
2026-02-01 00:14:02+00:00,1,67.6516113,53.8632126,16.8685036,47.0998955,3.83613729,4.42395067,3.64460063,0.780994177,5.54854059,17.4090099,193.085052
2026-02-01 00:14:03+00:00,1,67.6798706,53.8633041,16.872839,47.1104927,3.89236474,4.481318,3.67786908,0.789172471,5.5287776,17.5886211,194.840561
2026-02-01 00:14:04+00:00,1,67.7077408,53.8709259,16.90555,47.1388741,3.84446001,4.41465569,3.68092179,0.796875775,5.61139393,17.4916573,192.207886
2026-02-01 00:14:05+00:00,1,67.7254105,53.8806534,16.864336,47.1314278,3.88275695,4.43264389,3.71435761,0.782421589,5.59164619,17.5907841,194.902145
2026-02-01 00:14:06+00:00,1,67.7485428,53.8844604,16.8822155,47.0783081,3.92471194,4.43802118,3.71207428,0.797092676,5.62118006,17.7178307,193.114426
2026-02-01 00:14:07+00:00,1,67.7710648,53.8808479,16.8583965,47.0982246,3.92031336,4.49132061,3.72810149,0.791483402,5.61425257,17.684761,191.032181
2026-02-01 00:14:08+00:00,1,67.7934113,53.8637543,16.8713398,47.0572624,3.92705655,4.49586678,3.72712088,0.806244791,5.61261415,17.7138557,191.960709
2026-02-01 00:14:09+00:00,1,67.8153076,53.8596382,16.8487911,47.1341057,3.92780471,4.47827768,3.75402665,0.797318876,5.62110662,17.6925621,192.240677
2026-02-01 00:14:10+00:00,1,67.8375549,53.8487167,16.8985519,47.0683174,3.90372515,4.48543262,3.74822474,0.801787317,5.63957071,17.7050018,191.275192
2026-02-01 00:14:11+00:00,1,67.8603134,53.8277779,16.9163628,47.1336708,3.88874459,4.48254824,3.66661191,0.790406644,5.62522984,17.6867332,192.061035
2026-02-01 00:14:12+00:00,1,67.8774567,53.810051,16.8683987,47.1458855,3.86256886,4.44900322,3.6302669,0.790483296,5.57968426,17.5915623,190.675598
2026-02-01 00:14:13+00:00,1,67.8899841,53.7930489,16.8391304,47.0846214,3.85667515,4.4367404,3.64618444,0.769349813,5.58423328,17.7809029,191.17543
2026-02-01 00:14:14+00:00,1,67.8964691,53.7765923,16.8623199,47.1358414,3.90709162,4.44880867,3.63325477,0.794042706,5.53462458,17.8699398,187.008835
2026-02-01 00:14:15+00:00,1,67.9057693,53.765377,16.8499298,47.1714592,3.8951242,4.47402859,3.69797564,0.765695691,5.55726576,17.662653,191.444717
2026-02-01 00:14:16+00:00,1,67.9213486,53.7431526,16.8897343,47.1324844,3.82279658,4.43065071,3.67133975,0.773829758,5.57461548,17.678545,188.676346
2026-02-01 00:14:17+00:00,1,67.9243317,53.7144775,16.8924046,47.0929565,3.84139705,4.41930389,3.64868212,0.766435564,5.57592201,17.6288548,190.106339
2026-02-01 00:14:18+00:00,1,67.9318619,53.6933975,16.8790932,47.1225586,3.85412192,4.45282364,3.58673286,0.796065331,5.54647017,17.6541061,190.177368
2026-02-01 00:14:19+00:00,1,67.9415817,53.6852989,16.9492264,47.1477623,3.81994486,4.43385649,3.64503241,0.7624107,5.58284569,17.4085827,191.644058
2026-02-01 00:14:20+00:00,1,67.9496994,53.681736,16.9094257,47.1159821,3.87530684,4.45904922,3.63125014,0.775595963,5.6164546,17.4426727,188.421249
2026-02-01 00:14:21+00:00,1,67.9713058,53.6817017,16.8292675,47.0886955,3.83676887,4.48715639,3.63473463,0.795433819,5.57073927,17.5005569,190.926788
2026-02-01 00:14:22+00:00,1,67.9931183,53.6736908,16.9774113,47.1702805,3.85048079,4.45289135,3.59092116,0.790120125,5.53510809,17.6451969,188.544571
2026-02-01 00:14:23+00:00,1,68.0134277,53.6668205,16.8260155,47.2138405,3.84651184,4.46789312,3.60933852,0.78307265,5.55404329,17.4506855,187.203979
2026-02-01 00:14:24+00:00,1,68.0318298,53.6532326,16.8703957,47.1781082,3.88455963,4.47194338,3.61301208,0.787883401,5.52680111,17.4385223,189.854156
2026-02-01 00:14:25+00:00,1,68.0492249,53.6347542,16.9404583,47.1075668,3.86679816,4.48308182,3.5690248,0.794795573,5.56816053,17.497839,188.301804
2026-02-01 00:14:26+00:00,1,68.0629959,53.6220131,16.9049664,47.1235313,3.83995557,4.46840143,3.62966251,0.780050755,5.53755522,17.7159252,186.449631
2026-02-01 00:14:27+00:00,1,68.0739594,53.6150208,16.9506912,47.1865578,3.88128424,4.5398736,3.60480714,0.796806395,5.62012815,17.9089928,187.328506
2026-02-01 00:14:28+00:00,1,68.0820389,53.6206741,16.8889904,47.1713905,3.89391136,4.50858402,3.62979722,0.793325722,5.59916115,17.8836689,186.887466
2026-02-01 00:14:29+00:00,1,68.0927124,53.6260605,16.9153786,47.1359138,3.87648225,4.49267149,3.61680841,0.824628353,5.5906744,17.8426514,188.155533
2026-02-01 00:14:30+00:00,1,68.0936356,53.6240807,16.9698029,47.1860237,3.90624237,4.49280834,3.58415508,0.821328104,5.54699421,17.9714508,187.166336
2026-02-01 00:14:31+00:00,1,68.0906143,53.624115,16.8938255,47.1495438,3.90466404,4.49371099,3.620965,0.800908804,5.61350346,17.9129639,188.018417
2026-02-01 00:14:32+00:00,1,68.0860214,53.6159058,16.8828735,47.1977806,3.92389035,4.56300306,3.64039302,0.802190423,5.6494422,18.0759869,187.998779
2026-02-01 00:14:33+00:00,1,68.0876694,53.5942688,16.9066238,47.1947594,3.87358308,4.50132895,3.64610505,0.826374829,5.63681269,18.0951328,189.690781
2026-02-01 00:14:34+00:00,1,68.090065,53.5798759,16.9405727,47.224575,3.90778446,4.53595352,3.65076208,0.815962553,5.6744957,18.1099491,188.730316
2026-02-01 00:14:35+00:00,1,68.0833282,53.5692368,16.9445171,47.1557198,3.88474107,4.54849052,3.6625576,0.813895404,5.67679644,18.2178421,190.604553
2026-02-01 00:14:36+00:00,1,68.0798035,53.5774612,16.8939438,47.1350365,3.92597198,4.5549736,3.68200517,0.824479103,5.68033218,18.3012848,187.989319
2026-02-01 00:14:37+00:00,1,68.0705948,53.569088,16.92103,47.1388512,3.91745567,4.55089378,3.68182588,0.807622433,5.66366529,18.113863,186.970078
2026-02-01 00:14:38+00:00,1,68.0634232,53.560318,16.9236183,47.1728287,3.88728881,4.576437,3.72171402,0.78863734,5.66547298,18.1389313,190.796524
2026-02-01 00:14:39+00:00,1,68.0668564,53.5462685,16.9166603,47.1221733,3.89587498,4.55098104,3.7077632,0.810861468,5.73237944,18.2656307,189.679153
2026-02-01 00:14:40+00:00,1,68.0738983,53.5429535,16.8634644,47.1962814,3.87761331,4.54638433,3.70283818,0.82434994,5.72066545,18.1580734,191.949387
2026-02-01 00:14:41+00:00,1,68.0744781,53.5492859,16.9789696,47.1380424,3.89671779,4.55770063,3.66269875,0.832938731,5.73576689,18.1902027,190.276398
2026-02-01 00:14:42+00:00,1,68.0762329,53.5619087,16.8935318,47.1604233,3.88289762,4.57696867,3.67658567,0.809519708,5.70711374,17.9447269,188.355331
2026-02-01 00:14:43+00:00,1,68.0680008,53.5686264,16.8831539,47.0862465,3.86266327,4.50828743,3.66222739,0.791890621,5.65610743,18.1869431,193.023849
2026-02-01 00:14:44+00:00,1,68.0653381,53.5666046,16.9098339,47.2000999,3.84700441,4.50052691,3.62930369,0.833283842,5.63201475,17.8947601,190.86319
2026-02-01 00:14:45+00:00,1,68.0616608,53.5562706,16.9466629,47.1199684,3.87290001,4.52664328,3.65720248,0.80063498,5.65905762,18.0349369,193.396713
2026-02-01 00:14:46+00:00,1,68.0601654,53.5638733,16.9287243,47.2523422,3.84947181,4.52053118,3.67495179,0.816280425,5.63801813,17.6225853,190.277786
2026-02-01 00:14:47+00:00,1,68.063652,53.5739212,16.9537144,47.2408142,3.858078,4.51552153,3.64111161,0.807650745,5.62502909,17.7541046,192.727036
2026-02-01 00:14:48+00:00,1,68.0646057,53.576252,16.9797039,47.1400223,3.86657238,4.49077368,3.69333076,0.811962426,5.66810751,17.8236771,192.399155
2026-02-01 00:14:49+00:00,1,68.0645905,53.5778809,16.9401302,47.1277504,3.84505367,4.45606899,3.6817956,0.823272645,5.62928152,17.8799801,196.017532
2026-02-01 00:14:50+00:00,1,68.0679626,53.5913429,16.9839783,47.1693497,3.84879446,4.48436403,3.67610931,0.792053223,5.65355206,17.6311779,192.85817
2026-02-01 00:14:51+00:00,1,68.0695877,53.6077385,16.9639664,47.2221298,3.87138391,4.51947451,3.69522309,0.807873487,5.65578461,17.7721252,192.819885
2026-02-01 00:14:52+00:00,1,68.0692291,53.6285324,17.0037689,47.1567574,3.8756299,4.50600195,3.69900513,0.816657007,5.69251204,17.8596725,191.74527
2026-02-01 00:14:53+00:00,1,68.0755539,53.6507187,16.9396992,47.2010384,3.90630174,4.53569412,3.73103595,0.806420565,5.71863317,18.1239853,191.561096
2026-02-01 00:14:54+00:00,1,68.0856476,53.6580315,16.9906025,47.157692,3.88772893,4.54056215,3.72197247,0.8079651,5.73266792,17.8892269,193.927658
2026-02-01 00:14:55+00:00,1,68.0868683,53.6763878,16.9758949,47.1140709,3.90472984,4.55585861,3.74118137,0.811131954,5.75973368,17.8088322,192.108353
2026-02-01 00:14:56+00:00,1,68.1005325,53.69767,16.9193726,47.1643982,3.9193964,4.56958818,3.72160268,0.842611074,5.7034049,18.0193672,192.195328
2026-02-01 00:14:57+00:00,1,68.1069031,53.7384949,16.8621655,47.1601334,3.93225121,4.58102465,3.70848513,0.834383786,5.72845221,18.0266209,190.548065
2026-02-01 00:14:58+00:00,1,68.104805,53.7792053,17.0227528,47.1455002,3.94566298,4.54656315,3.73603058,0.835457027,5.73200989,17.970871,191.27298
2026-02-01 00:14:59+00:00,1,68.1004562,53.820797,16.9385605,47.1776543,3.94019103,4.55883932,3.79080009,0.832297266,5.76086569,18.1907864,193.018906
